Reporter Name,Partner Name,Year,Trade Flow,No Of exported HS6 digit Products,Export Share in Total Products (%),Export (US$ Thousand),Export Partner Share (%),Transaction_ID,Export_Value_USD,Export_Value_Millions,Region,YoY_Growth_Rate,YoY_Growth_Absolute
Rwanda,Afghanistan,2018,Export,1.0,0.05,441.58,0.04,RW-AFG-2018,441580.0,0.44158,Asia & Middle East,,
Rwanda,Afghanistan,2019,Export,1.0,0.04,676.5,0.06,RW-AFG-2019,676500.0,0.6765,Asia & Middle East,53.19987318266226,234.92000000000002
Rwanda,Afghanistan,2020,Export,1.0,0.05,190.98,0.01,RW-AFG-2020,190980.0,0.19097999999999998,Asia & Middle East,-71.76940133037695,-485.52
Rwanda,Afghanistan,2021,Export,1.0,0.04,399.04,0.03,RW-AFG-2021,399040.0,0.39904,Asia & Middle East,108.94334485286419,208.06000000000003
Rwanda,Afghanistan,2022,Export,2.0,0.09,149.77,0.01,RW-AFG-2022,149770.0,0.14977000000000001,Asia & Middle East,-62.467421812349635,-249.27
Rwanda,Algeria,2018,Export,1.0,0.05,0.1,0.0,RW-ALG-2018,100.0,0.0001,Africa,,
Rwanda,Algeria,2022,Export,15.0,0.66,8.21,0.0,RW-ALG-2022,8210.0,0.00821,Africa,8110.000000000001,8.110000000000001
Rwanda,Angola,2018,Export,3.0,0.15,7.13,0.0,RW-ANG-2018,7130.0,0.00713,Africa,,
Rwanda,Angola,2019,Export,2.0,0.09,3.18,0.0,RW-ANG-2019,3180.0,0.00318,Africa,-55.39971949509116,-3.9499999999999997
Rwanda,Angola,2021,Export,6.0,0.27,144.98,0.01,RW-ANG-2021,144980.0,0.14498,Africa,4459.1194968553455,141.79999999999998
Rwanda,Angola,2022,Export,1.0,0.04,2.01,0.0,RW-ANG-2022,2009.9999999999998,0.0020099999999999996,Africa,-98.61360187612085,-142.97
Rwanda,Argentina,2021,Export,1.0,0.04,2491.01,0.16,RW-ARG-2021,2491010.0,2.49101,Americas,,
Rwanda,Armenia,2018,Export,1.0,0.05,0.05,0.0,RW-ARM-2018,50.0,5e-05,Asia & Middle East,,
Rwanda,Australia,2018,Export,6.0,0.29,267.23,0.03,RW-AUS-2018,267230.0,0.26723,Oceania,,
Rwanda,Australia,2019,Export,7.0,0.31,456.23,0.04,RW-AUS-2019,456230.0,0.45623,Oceania,70.725592186506,189.0
Rwanda,Australia,2020,Export,9.0,0.44,490.75,0.03,RW-AUS-2020,490750.0,0.49075,Oceania,7.566359073274431,34.51999999999998
Rwanda,Australia,2021,Export,12.0,0.54,932.01,0.06,RW-AUS-2021,932010.0,0.93201,Oceania,89.91543555781966,441.26
Rwanda,Australia,2022,Export,17.0,0.74,1115.47,0.06,RW-AUS-2022,1115470.0,1.11547,Oceania,19.684338150878222,183.46000000000004
Rwanda,Austria,2018,Export,2.0,0.1,1647.45,0.16,RW-AUS-2018,1647450.0,1.64745,Europe & Central Asia,,
Rwanda,Austria,2019,Export,3.0,0.13,1518.61,0.13,RW-AUS-2019,1518610.0,1.5186099999999998,Europe & Central Asia,-7.820571185771962,-128.84000000000015
Rwanda,Austria,2020,Export,3.0,0.15,0.86,0.0,RW-AUS-2020,860.0,0.00086,Europe & Central Asia,-99.943369265315,-1517.75
Rwanda,Austria,2021,Export,3.0,0.13,216.73,0.01,RW-AUS-2021,216730.0,0.21672999999999998,Europe & Central Asia,25101.162790697676,215.86999999999998
Rwanda,Austria,2022,Export,1.0,0.04,615.5,0.03,RW-AUS-2022,615500.0,0.6155,Europe & Central Asia,183.99390947261568,398.77
Rwanda,Azerbaijan,2018,Export,1.0,0.05,274.71,0.03,RW-AZE-2018,274710.0,0.27470999999999995,Asia & Middle East,,
Rwanda,Azerbaijan,2019,Export,1.0,0.04,293.65,0.03,RW-AZE-2019,293650.0,0.29364999999999997,Asia & Middle East,6.894543336609504,18.939999999999998
Rwanda,Azerbaijan,2020,Export,1.0,0.05,49.22,0.0,RW-AZE-2020,49220.0,0.04922,Asia & Middle East,-83.23854929337647,-244.42999999999998
Rwanda,Azerbaijan,2021,Export,1.0,0.04,329.01,0.02,RW-AZE-2021,329010.0,0.32900999999999997,Asia & Middle East,568.4477854530678,279.78999999999996
Rwanda,Azerbaijan,2022,Export,1.0,0.04,703.45,0.03,RW-AZE-2022,703450.0,0.70345,Asia & Middle East,113.80809093948514,374.44000000000005
Rwanda,Bangladesh,2018,Export,1.0,0.05,3.59,0.0,RW-BAN-2018,3590.0,0.00359,Asia & Middle East,,
Rwanda,Bangladesh,2019,Export,1.0,0.04,99.58,0.01,RW-BAN-2019,99580.0,0.09958,Asia & Middle East,2673.816155988858,95.99
Rwanda,Bangladesh,2020,Export,1.0,0.05,13.58,0.0,RW-BAN-2020,13580.0,0.01358,Asia & Middle East,-86.36272343844146,-86.0
Rwanda,Bangladesh,2021,Export,11.0,0.49,17.61,0.0,RW-BAN-2021,17610.0,0.01761,Asia & Middle East,29.675994108983804,4.029999999999999
Rwanda,Bangladesh,2022,Export,11.0,0.48,24.18,0.0,RW-BAN-2022,24180.0,0.02418,Asia & Middle East,37.3083475298126,6.57
Rwanda,Belarus,2021,Export,1.0,0.04,0.04,0.0,RW-BEL-2021,40.0,4e-05,Europe & Central Asia,,
Rwanda,Belgium,2018,Export,89.0,4.36,27316.39,2.72,RW-BEL-2018,27316390.0,27.31639,Europe & Central Asia,,
Rwanda,Belgium,2019,Export,79.0,3.53,16573.54,1.46,RW-BEL-2019,16573540.0,16.57354,Europe & Central Asia,-39.32748800262406,-10742.849999999999
Rwanda,Belgium,2020,Export,94.0,4.56,15628.1,1.09,RW-BEL-2020,15628100.0,15.6281,Europe & Central Asia,-5.704514545474293,-945.4400000000005
Rwanda,Belgium,2021,Export,114.0,5.08,18625.12,1.19,RW-BEL-2021,18625120.0,18.62512,Europe & Central Asia,19.177123258745453,2997.0199999999986
Rwanda,Belgium,2022,Export,125.0,5.46,14267.45,0.71,RW-BEL-2022,14267450.0,14.26745,Europe & Central Asia,-23.396735161974792,-4357.669999999998
Rwanda,Belize,2022,Export,1.0,0.04,0.1,0.0,RW-BEL-2022,100.0,0.0001,Other/Regional Grouping,,
Rwanda,Benin,2018,Export,4.0,0.2,9.54,0.0,RW-BEN-2018,9540.0,0.00954,Africa,,
Rwanda,Benin,2019,Export,17.0,0.76,46.88,0.0,RW-BEN-2019,46880.0,0.046880000000000005,Africa,391.4046121593292,37.34
Rwanda,Benin,2020,Export,21.0,1.02,17.76,0.0,RW-BEN-2020,17760.0,0.01776,Africa,-62.11604095563139,-29.12
Rwanda,Benin,2021,Export,9.0,0.4,6.45,0.0,RW-BEN-2021,6450.0,0.00645,Africa,-63.682432432432435,-11.310000000000002
Rwanda,Benin,2022,Export,14.0,0.61,9.75,0.0,RW-BEN-2022,9750.0,0.00975,Africa,51.162790697674424,3.3
Rwanda,Bolivia,2022,Export,12.0,0.52,8.55,0.0,RW-BOL-2022,8550.0,0.00855,Americas,,
Rwanda,Bosnia and Herzegovina,2019,Export,1.0,0.04,4.41,0.0,RW-BOS-2019,4410.0,0.00441,Europe & Central Asia,,
Rwanda,Bosnia and Herzegovina,2020,Export,1.0,0.05,7.03,0.0,RW-BOS-2020,7030.0,0.007030000000000001,Europe & Central Asia,59.41043083900226,2.62
Rwanda,Botswana,2018,Export,11.0,0.54,26.5,0.0,RW-BOT-2018,26500.0,0.0265,Africa,,
Rwanda,Botswana,2019,Export,9.0,0.4,1.01,0.0,RW-BOT-2019,1010.0,0.00101,Africa,-96.18867924528301,-25.49
Rwanda,Botswana,2020,Export,1.0,0.05,5.05,0.0,RW-BOT-2020,5050.0,0.00505,Africa,400.0,4.04
Rwanda,Botswana,2021,Export,7.0,0.31,5.33,0.0,RW-BOT-2021,5330.0,0.00533,Africa,5.5445544554455495,0.28000000000000025
Rwanda,Brunei,2021,Export,1.0,0.04,0.03,0.0,RW-BRU-2021,30.0,2.9999999999999997e-05,Asia & Middle East,,
Rwanda,Bulgaria,2018,Export,18.0,0.88,47.02,0.0,RW-BUL-2018,47020.0,0.047020000000000006,Europe & Central Asia,,
Rwanda,Bulgaria,2019,Export,15.0,0.67,165.02,0.01,RW-BUL-2019,165020.0,0.16502,Europe & Central Asia,250.95703955763503,118.0
Rwanda,Bulgaria,2020,Export,1.0,0.05,3.05,0.0,RW-BUL-2020,3050.0,0.0030499999999999998,Europe & Central Asia,-98.15173918312932,-161.97
Rwanda,Bulgaria,2021,Export,1.0,0.04,8.71,0.0,RW-BUL-2021,8710.0,0.00871,Europe & Central Asia,185.57377049180332,5.660000000000001
Rwanda,Bulgaria,2022,Export,1.0,0.04,4.38,0.0,RW-BUL-2022,4380.0,0.00438,Europe & Central Asia,-49.71297359357062,-4.330000000000001
Rwanda,Burkina Faso,2018,Export,6.0,0.29,1.94,0.0,RW-BUR-2018,1940.0,0.0019399999999999999,Africa,,
Rwanda,Burkina Faso,2019,Export,6.0,0.27,73.77,0.01,RW-BUR-2019,73770.0,0.07377,Africa,3702.577319587629,71.83
Rwanda,Burkina Faso,2020,Export,4.0,0.19,46.93,0.0,RW-BUR-2020,46930.0,0.04693,Africa,-36.38335366680222,-26.839999999999996
Rwanda,Burkina Faso,2021,Export,1.0,0.04,70.01,0.0,RW-BUR-2021,70010.0,0.07001,Africa,49.179629235030916,23.080000000000005
Rwanda,Burkina Faso,2022,Export,2.0,0.09,692.82,0.03,RW-BUR-2022,692820.0,0.6928200000000001,Africa,889.6014855020711,622.8100000000001
Rwanda,Burundi,2018,Export,265.0,13.0,15804.46,1.57,RW-BUR-2018,15804460.0,15.804459999999999,Africa,,
Rwanda,Burundi,2019,Export,273.0,12.19,38168.44,3.37,RW-BUR-2019,38168440.0,38.168440000000004,Africa,141.50423361506816,22363.980000000003
Rwanda,Burundi,2020,Export,102.0,4.95,5262.59,0.37,RW-BUR-2020,5262590.0,5.26259,Africa,-86.21219520630133,-32905.850000000006
Rwanda,Burundi,2021,Export,21.0,0.94,341.33,0.02,RW-BUR-2021,341330.0,0.34132999999999997,Africa,-93.51403016385468,-4921.26
Rwanda,Burundi,2022,Export,101.0,4.41,3879.43,0.19,RW-BUR-2022,3879430.0,3.8794299999999997,Africa,1036.562857059151,3538.1
Rwanda,Cambodia,2018,Export,22.0,1.08,57.18,0.01,RW-CAM-2018,57180.0,0.05718,Asia & Middle East,,
Rwanda,Cambodia,2019,Export,7.0,0.31,36.96,0.0,RW-CAM-2019,36960.0,0.03696,Asia & Middle East,-35.362014690451204,-20.22
Rwanda,Cambodia,2020,Export,1.0,0.05,2.27,0.0,RW-CAM-2020,2270.0,0.00227,Asia & Middle East,-93.85822510822511,-34.69
Rwanda,Cambodia,2021,Export,5.0,0.22,3.03,0.0,RW-CAM-2021,3030.0,0.0030299999999999997,Asia & Middle East,33.48017621145374,0.7599999999999998
Rwanda,Cameroon,2018,Export,2.0,0.1,4.55,0.0,RW-CAM-2018,4550.0,0.00455,Africa,,
Rwanda,Cameroon,2019,Export,5.0,0.22,1.34,0.0,RW-CAM-2019,1340.0,0.00134,Africa,-70.54945054945054,-3.21
Rwanda,Cameroon,2020,Export,1.0,0.05,8.47,0.0,RW-CAM-2020,8470.0,0.00847,Africa,532.089552238806,7.130000000000001
Rwanda,Cameroon,2021,Export,4.0,0.18,45.49,0.0,RW-CAM-2021,45490.0,0.04549,Africa,437.07201889020075,37.02
Rwanda,Cameroon,2022,Export,8.0,0.35,65.96,0.0,RW-CAM-2022,65960.0,0.06595999999999999,Africa,44.99890085733127,20.46999999999999
Rwanda,Canada,2018,Export,13.0,0.64,560.81,0.06,RW-CAN-2018,560810.0,0.5608099999999999,Americas,,
Rwanda,Canada,2019,Export,17.0,0.76,380.48,0.03,RW-CAN-2019,380480.0,0.38048000000000004,Americas,-32.155275405217445,-180.32999999999993
Rwanda,Canada,2020,Export,38.0,1.84,1323.28,0.09,RW-CAN-2020,1323280.0,1.32328,Americas,247.79226240538264,942.8
Rwanda,Canada,2021,Export,29.0,1.29,986.31,0.06,RW-CAN-2021,986310.0,0.9863099999999999,Americas,-25.464754247022547,-336.97
Rwanda,Canada,2022,Export,30.0,1.31,3280.7,0.16,RW-CAN-2022,3280700.0,3.2807,Americas,232.6236173211262,2294.39
Rwanda,Central African Republic,2018,Export,35.0,1.72,10537.58,1.05,RW-CEN-2018,10537580.0,10.53758,Africa,,
Rwanda,Central African Republic,2019,Export,5.0,0.22,4.31,0.0,RW-CEN-2019,4310.0,0.00431,Africa,-99.95909876840793,-10533.27
Rwanda,Central African Republic,2020,Export,2.0,0.1,20.63,0.0,RW-CEN-2020,20630.0,0.02063,Africa,378.6542923433875,16.32
Rwanda,Central African Republic,2021,Export,58.0,2.59,267.56,0.02,RW-CEN-2021,267560.0,0.26756,Africa,1196.9461948618518,246.93
Rwanda,Central African Republic,2022,Export,50.0,2.18,598.69,0.03,RW-CEN-2022,598690.0,0.59869,Africa,123.7591568246375,331.13000000000005
Rwanda,Chad,2018,Export,1.0,0.05,0.5,0.0,RW-CHA-2018,500.0,0.0005,Africa,,
Rwanda,Chad,2019,Export,2.0,0.09,5.38,0.0,RW-CHA-2019,5380.0,0.00538,Africa,976.0,4.88
Rwanda,Chad,2020,Export,1.0,0.05,3.37,0.0,RW-CHA-2020,3370.0,0.00337,Africa,-37.36059479553903,-2.01
Rwanda,Chad,2021,Export,2.0,0.09,7.11,0.0,RW-CHA-2021,7110.0,0.00711,Africa,110.97922848664687,3.74
Rwanda,Chad,2022,Export,1.0,0.04,14.99,0.0,RW-CHA-2022,14990.0,0.01499,Africa,110.82981715893108,7.88
Rwanda,China,2018,Export,58.0,2.84,20136.26,2.01,RW-CHI-2018,20136260.0,20.13626,Asia & Middle East,,
Rwanda,China,2019,Export,44.0,1.96,6651.65,0.59,RW-CHI-2019,6651650.0,6.65165,Asia & Middle East,-66.96680515646898,-13484.609999999999
Rwanda,China,2020,Export,40.0,1.94,8356.69,0.58,RW-CHI-2020,8356690.000000001,8.35669,Asia & Middle East,25.633339096314465,1705.0400000000009
Rwanda,China,2021,Export,61.0,2.72,16462.96,1.05,RW-CHI-2021,16462960.0,16.46296,Asia & Middle East,97.0033589854356,8106.269999999999
Rwanda,China,2022,Export,28.0,1.22,96759.31,4.79,RW-CHI-2022,96759310.0,96.75931,Asia & Middle East,487.73944661227387,80296.35
Rwanda,Cocos (Keeling) Islands,2020,Export,1.0,0.05,40.39,0.0,RW-COC-2020,40390.0,0.04039,Other/Regional Grouping,,
Rwanda,Colombia,2019,Export,1.0,0.04,1.05,0.0,RW-COL-2019,1050.0,0.0010500000000000002,Americas,,
Rwanda,Colombia,2021,Export,1.0,0.04,0.95,0.0,RW-COL-2021,950.0,0.00095,Americas,-9.523809523809534,-0.10000000000000009
Rwanda,Colombia,2022,Export,16.0,0.7,15.13,0.0,RW-COL-2022,15130.0,0.015130000000000001,Americas,1492.6315789473686,14.180000000000001
Rwanda,"Congo, Dem. Rep.",2018,Export,1797.0,88.13,337219.87,33.58,RW-CON-2018,337219870.0,337.21987,Africa,,
Rwanda,"Congo, Dem. Rep.",2019,Export,2013.0,89.87,372798.41,32.93,RW-CON-2019,372798410.0,372.79841,Africa,10.550546739727995,35578.53999999998
Rwanda,"Congo, Dem. Rep.",2020,Export,1898.0,92.05,392326.16,27.41,RW-CON-2020,392326160.0,392.32615999999996,Africa,5.238152705640564,19527.75
Rwanda,"Congo, Dem. Rep.",2021,Export,2070.0,92.33,587370.77,37.59,RW-CON-2021,587370770.0,587.37077,Africa,49.7149132242418,195044.61000000004
Rwanda,"Congo, Dem. Rep.",2022,Export,2132.0,93.14,768272.62,38.05,RW-CON-2022,768272620.0,768.27262,Africa,30.798578894213602,180901.84999999998
Rwanda,"Congo, Rep.",2018,Export,50.0,2.45,176.55,0.02,RW-CON-2018,176550.0,0.17655,Africa,,
Rwanda,"Congo, Rep.",2019,Export,74.0,3.3,2807.89,0.25,RW-CON-2019,2807890.0,2.80789,Africa,1490.421976777117,2631.3399999999997
Rwanda,"Congo, Rep.",2020,Export,127.0,6.16,304.43,0.02,RW-CON-2020,304430.0,0.30443000000000003,Africa,-89.1580510632539,-2503.46
Rwanda,"Congo, Rep.",2021,Export,94.0,4.19,7105.6,0.45,RW-CON-2021,7105600.0,7.105600000000001,Africa,2234.066944782052,6801.17
Rwanda,"Congo, Rep.",2022,Export,22.0,0.96,19883.22,0.98,RW-CON-2022,19883220.0,19.88322,Africa,179.82464535014637,12777.62
Rwanda,Costa Rica,2019,Export,1.0,0.04,6.8,0.0,RW-COS-2019,6800.0,0.0068,Americas,,
Rwanda,Costa Rica,2022,Export,1.0,0.04,28.03,0.0,RW-COS-2022,28030.0,0.028030000000000003,Americas,312.20588235294116,21.23
Rwanda,Cote d'Ivoire,2018,Export,3.0,0.15,11.51,0.0,RW-COT-2018,11510.0,0.01151,Africa,,
Rwanda,Cote d'Ivoire,2019,Export,16.0,0.71,37.86,0.0,RW-COT-2019,37860.0,0.03786,Africa,228.93136403127716,26.35
Rwanda,Cote d'Ivoire,2020,Export,20.0,0.97,140.09,0.01,RW-COT-2020,140090.0,0.14009,Africa,270.02113048071845,102.23
Rwanda,Cote d'Ivoire,2021,Export,4.0,0.18,28.66,0.0,RW-COT-2021,28660.0,0.02866,Africa,-79.54172317795702,-111.43
Rwanda,Cote d'Ivoire,2022,Export,5.0,0.22,25.8,0.0,RW-COT-2022,25800.0,0.0258,Africa,-9.979064898813672,-2.8599999999999994
Rwanda,Croatia,2019,Export,1.0,0.04,0.14,0.0,RW-CRO-2019,140.0,0.00014000000000000001,Europe & Central Asia,,
Rwanda,Czech Republic,2019,Export,5.0,0.22,234.26,0.02,RW-CZE-2019,234260.0,0.23426,Europe & Central Asia,,
Rwanda,Czech Republic,2020,Export,4.0,0.19,242.06,0.02,RW-CZE-2020,242060.0,0.24206,Europe & Central Asia,3.3296337402885623,7.800000000000011
Rwanda,Czech Republic,2021,Export,6.0,0.27,284.64,0.02,RW-CZE-2021,284640.0,0.28464,Europe & Central Asia,17.590679996695037,42.579999999999984
Rwanda,Czech Republic,2022,Export,5.0,0.22,67.46,0.0,RW-CZE-2022,67460.0,0.06745999999999999,Europe & Central Asia,-76.29988757729062,-217.18
Rwanda,Denmark,2018,Export,1.0,0.05,24.48,0.0,RW-DEN-2018,24480.0,0.024480000000000002,Europe & Central Asia,,
Rwanda,Denmark,2019,Export,1.0,0.04,39.61,0.0,RW-DEN-2019,39610.0,0.03961,Europe & Central Asia,61.80555555555556,15.129999999999999
Rwanda,Denmark,2020,Export,2.0,0.1,4.31,0.0,RW-DEN-2020,4310.0,0.00431,Europe & Central Asia,-89.11890936632165,-35.3
Rwanda,Denmark,2021,Export,3.0,0.13,3.87,0.0,RW-DEN-2021,3870.0,0.00387,Europe & Central Asia,-10.208816705336421,-0.4399999999999995
Rwanda,Denmark,2022,Export,1.0,0.04,0.22,0.0,RW-DEN-2022,220.0,0.00022,Europe & Central Asia,-94.31524547803618,-3.65
Rwanda,Djibouti,2018,Export,36.0,1.77,20.62,0.0,RW-DJI-2018,20620.0,0.02062,Africa,,
Rwanda,Djibouti,2020,Export,1.0,0.05,0.37,0.0,RW-DJI-2020,370.0,0.00037,Africa,-98.20562560620758,-20.25
Rwanda,Djibouti,2022,Export,17.0,0.74,33.25,0.0,RW-DJI-2022,33250.0,0.03325,Africa,8886.486486486487,32.88
Rwanda,East Asia & Pacific,2018,Export,121.0,5.93,176223.65,17.55,RW-EAS-2018,176223650.0,176.22365,Other/Regional Grouping,,
Rwanda,East Asia & Pacific,2019,Export,89.0,3.97,64787.33,5.72,RW-EAS-2019,64787330.0,64.78733,Other/Regional Grouping,-63.235734817659264,-111436.31999999999
Rwanda,East Asia & Pacific,2020,Export,88.0,4.27,57839.4,4.04,RW-EAS-2020,57839400.0,57.839400000000005,Other/Regional Grouping,-10.724211045585609,-6947.93
Rwanda,East Asia & Pacific,2021,Export,104.0,4.64,86859.78,5.56,RW-EAS-2021,86859780.0,86.85978,Other/Regional Grouping,50.17406819572816,29020.379999999997
Rwanda,East Asia & Pacific,2022,Export,90.0,3.93,194684.51,9.64,RW-EAS-2022,194684510.0,194.68451000000002,Other/Regional Grouping,124.1365451305541,107824.73000000001
Rwanda,East Timor,2018,Export,16.0,0.78,8.49,0.0,RW-EAS-2018,8490.0,0.008490000000000001,Other/Regional Grouping,,
Rwanda,"Egypt, Arab Rep.",2018,Export,6.0,0.29,4520.75,0.45,RW-EGY-2018,4520750.0,4.52075,Africa,,
Rwanda,"Egypt, Arab Rep.",2019,Export,1.0,0.04,6468.84,0.57,RW-EGY-2019,6468840.0,6.46884,Africa,43.09218603107892,1948.0900000000001
Rwanda,"Egypt, Arab Rep.",2020,Export,5.0,0.24,10292.11,0.72,RW-EGY-2020,10292110.0,10.292110000000001,Africa,59.10286852047663,3823.2700000000004
Rwanda,"Egypt, Arab Rep.",2021,Export,5.0,0.22,11360.01,0.73,RW-EGY-2021,11360010.0,11.36001,Africa,10.375909313056297,1067.8999999999996
Rwanda,"Egypt, Arab Rep.",2022,Export,14.0,0.61,15414.07,0.76,RW-EGY-2022,15414070.0,15.414069999999999,Africa,35.687116472608736,4054.0599999999995
Rwanda,Eritrea,2018,Export,1.0,0.05,51.65,0.01,RW-ERI-2018,51650.0,0.05165,Africa,,
Rwanda,Eritrea,2019,Export,2.0,0.09,487.75,0.04,RW-ERI-2019,487750.0,0.48775,Africa,844.3368828654405,436.1
Rwanda,Eritrea,2020,Export,1.0,0.05,7.37,0.0,RW-ERI-2020,7370.0,0.00737,Africa,-98.48898001025115,-480.38
Rwanda,Eritrea,2021,Export,1.0,0.04,325.08,0.02,RW-ERI-2021,325080.0,0.32508,Africa,4310.854816824965,317.71
Rwanda,Eritrea,2022,Export,1.0,0.04,23.87,0.0,RW-ERI-2022,23870.0,0.023870000000000002,Africa,-92.65719207579673,-301.21
Rwanda,Estonia,2019,Export,10.0,0.45,7.3,0.0,RW-EST-2019,7300.0,0.0073,Europe & Central Asia,,
Rwanda,Estonia,2022,Export,1.0,0.04,0.69,0.0,RW-EST-2022,690.0,0.00069,Europe & Central Asia,-90.54794520547945,-6.609999999999999
Rwanda,Eswatini,2018,Export,3.0,0.15,338.42,0.03,RW-ESW-2018,338420.0,0.33842,Africa,,
Rwanda,Eswatini,2019,Export,1.0,0.04,53.22,0.0,RW-ESW-2019,53220.0,0.053219999999999996,Africa,-84.27397907925064,-285.20000000000005
Rwanda,Eswatini,2020,Export,3.0,0.15,653.29,0.05,RW-ESW-2020,653290.0,0.6532899999999999,Africa,1127.5272453964676,600.0699999999999
Rwanda,Eswatini,2021,Export,17.0,0.76,277.91,0.02,RW-ESW-2021,277910.0,0.27791000000000005,Africa,-57.459933567022304,-375.37999999999994
Rwanda,Eswatini,2022,Export,2.0,0.09,3.15,0.0,RW-ESW-2022,3150.0,0.00315,Africa,-98.86653952718505,-274.76000000000005
Rwanda,Ethiopia(excludes Eritrea),2018,Export,7.0,0.34,2889.12,0.29,RW-ETH-2018,2889120.0,2.8891199999999997,Africa,,
Rwanda,Ethiopia(excludes Eritrea),2019,Export,4.0,0.18,9750.54,0.86,RW-ETH-2019,9750540.0,9.75054,Africa,237.49169297225458,6861.420000000001
Rwanda,Ethiopia(excludes Eritrea),2020,Export,18.0,0.87,2793.18,0.2,RW-ETH-2020,2793180.0,2.79318,Africa,-71.35358657058994,-6957.360000000001
Rwanda,Ethiopia(excludes Eritrea),2021,Export,29.0,1.29,23503.47,1.5,RW-ETH-2021,23503470.0,23.50347,Africa,741.4591970442293,20710.29
Rwanda,Ethiopia(excludes Eritrea),2022,Export,7.0,0.31,36533.07,1.81,RW-ETH-2022,36533070.0,36.53307,Africa,55.436920590874436,13029.599999999999
Rwanda,Europe & Central Asia,2018,Export,254.0,12.46,237185.91,23.62,RW-EUR-2018,237185910.0,237.18591,Other/Regional Grouping,,
Rwanda,Europe & Central Asia,2019,Export,241.0,10.76,149704.04,13.23,RW-EUR-2019,149704040.0,149.70404000000002,Other/Regional Grouping,-36.88324909350644,-87481.87
Rwanda,Europe & Central Asia,2020,Export,204.0,9.89,156047.51,10.9,RW-EUR-2020,156047510.0,156.04751000000002,Other/Regional Grouping,4.237340555405189,6343.470000000001
Rwanda,Europe & Central Asia,2021,Export,272.0,12.13,156083.02,9.99,RW-EUR-2021,156083020.0,156.08301999999998,Other/Regional Grouping,0.022755890177283966,35.50999999998021
Rwanda,Europe & Central Asia,2022,Export,263.0,11.49,164636.99,8.15,RW-EUR-2022,164636990.0,164.63699,Other/Regional Grouping,5.480397547407789,8553.970000000001
Rwanda,Finland,2018,Export,2.0,0.1,135.85,0.01,RW-FIN-2018,135850.0,0.13585,Europe & Central Asia,,
Rwanda,Finland,2020,Export,3.0,0.15,1147.81,0.08,RW-FIN-2020,1147810.0,1.14781,Europe & Central Asia,744.9098270150902,1011.9599999999999
Rwanda,Finland,2021,Export,8.0,0.36,206.31,0.01,RW-FIN-2021,206310.0,0.20631,Europe & Central Asia,-82.02577081572734,-941.5
Rwanda,Finland,2022,Export,21.0,0.92,3749.78,0.19,RW-FIN-2022,3749780.0,3.7497800000000003,Europe & Central Asia,1717.5464107411176,3543.4700000000003
Rwanda,France,2018,Export,34.0,1.67,1744.63,0.17,RW-FRA-2018,1744630.0,1.7446300000000001,Europe & Central Asia,,
Rwanda,France,2019,Export,69.0,3.08,3417.71,0.3,RW-FRA-2019,3417710.0,3.41771,Europe & Central Asia,95.8988438809375,1673.08
Rwanda,France,2020,Export,15.0,0.73,1713.98,0.12,RW-FRA-2020,1713980.0,1.71398,Europe & Central Asia,-49.85004579089507,-1703.73
Rwanda,France,2021,Export,40.0,1.78,3655.97,0.23,RW-FRA-2021,3655970.0,3.65597,Europe & Central Asia,113.30295569376538,1941.9899999999998
Rwanda,France,2022,Export,25.0,1.09,4820.32,0.24,RW-FRA-2022,4820320.0,4.82032,Europe & Central Asia,31.847909036452716,1164.35
Rwanda,Gabon,2018,Export,10.0,0.49,11.73,0.0,RW-GAB-2018,11730.0,0.01173,Africa,,
Rwanda,Gabon,2019,Export,3.0,0.13,8.64,0.0,RW-GAB-2019,8640.0,0.00864,Africa,-26.342710997442452,-3.09
Rwanda,Gabon,2020,Export,14.0,0.68,8.4,0.0,RW-GAB-2020,8400.0,0.008400000000000001,Africa,-2.777777777777779,-0.2400000000000002
Rwanda,Gabon,2021,Export,5.0,0.22,16.74,0.0,RW-GAB-2021,16740.0,0.016739999999999998,Africa,99.28571428571426,8.339999999999998
Rwanda,Gabon,2022,Export,5.0,0.22,9.1,0.0,RW-GAB-2022,9100.0,0.0091,Africa,-45.639187574671446,-7.639999999999999
Rwanda,Georgia,2019,Export,7.0,0.31,6.25,0.0,RW-GEO-2019,6250.0,0.00625,Asia & Middle East,,
Rwanda,Georgia,2021,Export,1.0,0.04,2.32,0.0,RW-GEO-2021,2320.0,0.00232,Asia & Middle East,-62.88,-3.93
Rwanda,Georgia,2022,Export,1.0,0.04,0.88,0.0,RW-GEO-2022,880.0,0.00088,Asia & Middle East,-62.06896551724137,-1.44
Rwanda,Germany,2018,Export,56.0,2.75,9672.07,0.96,RW-GER-2018,9672070.0,9.67207,Europe & Central Asia,,
Rwanda,Germany,2019,Export,83.0,3.71,4033.45,0.36,RW-GER-2019,4033450.0,4.03345,Europe & Central Asia,-58.29796517188151,-5638.62
Rwanda,Germany,2020,Export,55.0,2.67,3873.97,0.27,RW-GER-2020,3873970.0,3.87397,Europe & Central Asia,-3.9539352167499264,-159.48000000000002
Rwanda,Germany,2021,Export,76.0,3.39,11568.81,0.74,RW-GER-2021,11568810.0,11.56881,Europe & Central Asia,198.62931308192887,7694.84
Rwanda,Germany,2022,Export,72.0,3.15,13554.32,0.67,RW-GER-2022,13554320.0,13.55432,Europe & Central Asia,17.162612230644303,1985.5100000000002
Rwanda,Ghana,2018,Export,48.0,2.35,124.35,0.01,RW-GHA-2018,124350.0,0.12434999999999999,Africa,,
Rwanda,Ghana,2019,Export,5.0,0.22,669.77,0.06,RW-GHA-2019,669770.0,0.66977,Africa,438.61680739847213,545.42
Rwanda,Ghana,2020,Export,15.0,0.73,902.18,0.06,RW-GHA-2020,902180.0,0.90218,Africa,34.69997163205279,232.40999999999997
Rwanda,Ghana,2021,Export,46.0,2.05,2304.97,0.15,RW-GHA-2021,2304970.0,2.30497,Africa,155.48892682169853,1402.79
Rwanda,Ghana,2022,Export,18.0,0.79,1955.93,0.1,RW-GHA-2022,1955930.0,1.9559300000000002,Africa,-15.1429302767498,-349.03999999999974
Rwanda,Greece,2018,Export,1.0,0.05,0.99,0.0,RW-GRE-2018,990.0,0.00099,Europe & Central Asia,,
Rwanda,Greece,2019,Export,2.0,0.09,7.61,0.0,RW-GRE-2019,7610.0,0.0076100000000000004,Europe & Central Asia,668.6868686868687,6.62
Rwanda,Greece,2020,Export,1.0,0.05,69.92,0.0,RW-GRE-2020,69920.0,0.06992,Europe & Central Asia,818.7910643889619,62.31
Rwanda,Greece,2022,Export,1.0,0.04,906.43,0.04,RW-GRE-2022,906430.0,0.90643,Europe & Central Asia,1196.3815789473683,836.51
Rwanda,Guinea,2018,Export,17.0,0.83,25.15,0.0,RW-GUI-2018,25150.0,0.02515,Africa,,
Rwanda,Guinea,2019,Export,21.0,0.94,27.6,0.0,RW-GUI-2019,27600.0,0.027600000000000003,Africa,9.741550695825051,2.450000000000003
Rwanda,Guinea,2020,Export,1.0,0.05,0.2,0.0,RW-GUI-2020,200.0,0.0002,Africa,-99.27536231884058,-27.400000000000002
Rwanda,Guinea,2021,Export,3.0,0.13,2.15,0.0,RW-GUI-2021,2150.0,0.00215,Africa,974.9999999999998,1.95
Rwanda,Guinea,2022,Export,2.0,0.09,1.48,0.0,RW-GUI-2022,1480.0,0.00148,Africa,-31.162790697674414,-0.6699999999999999
Rwanda,Haiti,2018,Export,1.0,0.05,2.39,0.0,RW-HAI-2018,2390.0,0.00239,Other/Regional Grouping,,
Rwanda,"Hong Kong, China",2018,Export,11.0,0.54,68972.69,6.87,RW-HON-2018,68972690.0,68.97269,Asia & Middle East,,
Rwanda,"Hong Kong, China",2019,Export,16.0,0.71,7976.82,0.7,RW-HON-2019,7976820.0,7.97682,Asia & Middle East,-88.43481383718687,-60995.87
Rwanda,"Hong Kong, China",2020,Export,12.0,0.58,16919.0,1.18,RW-HON-2020,16919000.0,16.919,Asia & Middle East,112.10206573546854,8942.18
Rwanda,"Hong Kong, China",2021,Export,7.0,0.31,28107.88,1.8,RW-HON-2021,28107880.0,28.10788,Asia & Middle East,66.13204090076246,11188.880000000001
Rwanda,"Hong Kong, China",2022,Export,11.0,0.48,39448.19,1.95,RW-HON-2022,39448190.0,39.448190000000004,Asia & Middle East,40.34566107440334,11340.310000000001
Rwanda,Hungary,2018,Export,14.0,0.69,89.26,0.01,RW-HUN-2018,89260.0,0.08926,Europe & Central Asia,,
Rwanda,Hungary,2019,Export,4.0,0.18,40.83,0.0,RW-HUN-2019,40830.0,0.04083,Europe & Central Asia,-54.25722608111136,-48.43000000000001
Rwanda,Hungary,2020,Export,16.0,0.78,95.61,0.01,RW-HUN-2020,95610.0,0.09561,Europe & Central Asia,134.1660543717855,54.78
Rwanda,Hungary,2021,Export,2.0,0.09,6.91,0.0,RW-HUN-2021,6910.0,0.00691,Europe & Central Asia,-92.772722518565,-88.7
Rwanda,Iceland,2018,Export,10.0,0.49,12.62,0.0,RW-ICE-2018,12620.0,0.01262,Europe & Central Asia,,
Rwanda,India,2018,Export,47.0,2.31,10198.02,1.02,RW-IND-2018,10198020.0,10.19802,Asia & Middle East,,
Rwanda,India,2019,Export,25.0,1.12,6793.65,0.6,RW-IND-2019,6793650.0,6.7936499999999995,Asia & Middle East,-33.38265663334647,-3404.370000000001
Rwanda,India,2020,Export,64.0,3.1,15657.88,1.09,RW-IND-2020,15657880.0,15.657879999999999,Asia & Middle East,130.47816711193542,8864.23
Rwanda,India,2021,Export,34.0,1.52,11634.13,0.74,RW-IND-2021,11634130.0,11.634129999999999,Asia & Middle East,-25.697923345944663,-4023.75
Rwanda,India,2022,Export,21.0,0.92,71177.93,3.52,RW-IND-2022,71177930.0,71.17792999999999,Asia & Middle East,511.8027733917362,59543.799999999996
Rwanda,Indonesia,2018,Export,1.0,0.05,29.8,0.0,RW-IND-2018,29800.0,0.0298,Asia & Middle East,,
Rwanda,Indonesia,2019,Export,2.0,0.09,83.29,0.01,RW-IND-2019,83290.0,0.08329,Asia & Middle East,179.49664429530202,53.49000000000001
Rwanda,Indonesia,2020,Export,11.0,0.53,123.95,0.01,RW-IND-2020,123950.0,0.12395,Asia & Middle East,48.817385040220906,40.66
Rwanda,Indonesia,2021,Export,2.0,0.09,90.84,0.01,RW-IND-2021,90840.0,0.09084,Asia & Middle East,-26.71238402581686,-33.11
Rwanda,Indonesia,2022,Export,3.0,0.13,69.17,0.0,RW-IND-2022,69170.0,0.06917,Asia & Middle East,-23.85512989872303,-21.67
Rwanda,"Iran, Islamic Rep.",2018,Export,1.0,0.05,334.79,0.03,RW-IRA-2018,334790.0,0.33479000000000003,Asia & Middle East,,
Rwanda,"Iran, Islamic Rep.",2019,Export,1.0,0.04,378.14,0.03,RW-IRA-2019,378140.0,0.37814,Asia & Middle East,12.948415424594506,43.349999999999966
Rwanda,"Iran, Islamic Rep.",2020,Export,1.0,0.05,157.81,0.01,RW-IRA-2020,157810.0,0.15781,Asia & Middle East,-58.26677949965621,-220.32999999999998
Rwanda,"Iran, Islamic Rep.",2021,Export,1.0,0.04,317.23,0.02,RW-IRA-2021,317230.0,0.31723,Asia & Middle East,101.02021418161083,159.42000000000002
Rwanda,"Iran, Islamic Rep.",2022,Export,2.0,0.09,895.61,0.04,RW-IRA-2022,895610.0,0.89561,Asia & Middle East,182.3219745925669,578.38
Rwanda,Ireland,2018,Export,1.0,0.05,4656.51,0.46,RW-IRE-2018,4656510.0,4.65651,Europe & Central Asia,,
Rwanda,Ireland,2019,Export,15.0,0.67,4807.06,0.42,RW-IRE-2019,4807060.0,4.807060000000001,Europe & Central Asia,3.2331080573219095,150.55000000000018
Rwanda,Ireland,2020,Export,27.0,1.31,4094.39,0.29,RW-IRE-2020,4094390.0,4.09439,Europe & Central Asia,-14.825485847898722,-712.6700000000005
Rwanda,Ireland,2021,Export,2.0,0.09,5161.4,0.33,RW-IRE-2021,5161400.0,5.1613999999999995,Europe & Central Asia,26.060292253546912,1067.0099999999998
Rwanda,Ireland,2022,Export,3.0,0.13,7029.34,0.35,RW-IRE-2022,7029340.0,7.02934,Europe & Central Asia,36.190568450420436,1867.9400000000005
Rwanda,Israel,2018,Export,1.0,0.05,40.73,0.0,RW-ISR-2018,40730.0,0.040729999999999995,Asia & Middle East,,
Rwanda,Israel,2019,Export,1.0,0.04,0.05,0.0,RW-ISR-2019,50.0,5e-05,Asia & Middle East,-99.87724036336853,-40.68
Rwanda,Israel,2020,Export,3.0,0.15,3.88,0.0,RW-ISR-2020,3880.0,0.0038799999999999998,Asia & Middle East,7659.999999999999,3.83
Rwanda,Israel,2021,Export,14.0,0.62,48.5,0.0,RW-ISR-2021,48500.0,0.0485,Asia & Middle East,1150.0,44.62
Rwanda,Israel,2022,Export,14.0,0.61,11.85,0.0,RW-ISR-2022,11850.0,0.01185,Asia & Middle East,-75.56701030927834,-36.65
Rwanda,Italy,2018,Export,13.0,0.64,2463.87,0.25,RW-ITA-2018,2463870.0,2.46387,Europe & Central Asia,,
Rwanda,Italy,2019,Export,5.0,0.22,3020.65,0.27,RW-ITA-2019,3020650.0,3.0206500000000003,Europe & Central Asia,22.597783162261,556.7800000000002
Rwanda,Italy,2020,Export,12.0,0.58,3395.55,0.24,RW-ITA-2020,3395550.0,3.39555,Europe & Central Asia,12.411235992253333,374.9000000000001
Rwanda,Italy,2021,Export,15.0,0.67,2813.4,0.18,RW-ITA-2021,2813400.0,2.8134,Europe & Central Asia,-17.144497945840886,-582.1500000000001
Rwanda,Italy,2022,Export,19.0,0.83,7416.81,0.37,RW-ITA-2022,7416810.0,7.416810000000001,Europe & Central Asia,163.62444017914268,4603.41
Rwanda,Jamaica,2019,Export,10.0,0.45,81.19,0.01,RW-JAM-2019,81190.0,0.08119,Americas,,
Rwanda,Jamaica,2022,Export,1.0,0.04,0.61,0.0,RW-JAM-2022,610.0,0.00061,Americas,-99.24867594531347,-80.58
Rwanda,Japan,2018,Export,8.0,0.39,1807.47,0.18,RW-JAP-2018,1807470.0,1.8074700000000001,Asia & Middle East,,
Rwanda,Japan,2019,Export,11.0,0.49,2198.89,0.19,RW-JAP-2019,2198890.0,2.19889,Asia & Middle East,21.655684465025683,391.41999999999985
Rwanda,Japan,2020,Export,6.0,0.29,1517.66,0.11,RW-JAP-2020,1517660.0,1.51766,Asia & Middle East,-30.980631136618918,-681.2299999999998
Rwanda,Japan,2021,Export,9.0,0.4,2211.91,0.14,RW-JAP-2021,2211910.0,2.21191,Asia & Middle East,45.74476496712041,694.2499999999998
Rwanda,Japan,2022,Export,9.0,0.39,7693.0,0.38,RW-JAP-2022,7693000.0,7.693,Asia & Middle East,247.7989610788866,5481.09
Rwanda,Jordan,2018,Export,2.0,0.1,11.63,0.0,RW-JOR-2018,11630.0,0.011630000000000001,Asia & Middle East,,
Rwanda,Jordan,2019,Export,2.0,0.09,5.53,0.0,RW-JOR-2019,5530.0,0.00553,Asia & Middle East,-52.45055889939812,-6.1000000000000005
Rwanda,Jordan,2020,Export,1.0,0.05,403.41,0.03,RW-JOR-2020,403410.0,0.40341000000000005,Asia & Middle East,7194.9367088607605,397.88000000000005
Rwanda,Jordan,2021,Export,1.0,0.04,0.81,0.0,RW-JOR-2021,810.0,0.0008100000000000001,Asia & Middle East,-99.79921172008626,-402.6
Rwanda,Jordan,2022,Export,18.0,0.79,420.45,0.02,RW-JOR-2022,420450.0,0.42045,Asia & Middle East,51807.4074074074,419.64
Rwanda,Kazakhstan,2018,Export,1.0,0.05,7877.45,0.78,RW-KAZ-2018,7877450.0,7.87745,Asia & Middle East,,
Rwanda,Kazakhstan,2019,Export,1.0,0.04,7416.68,0.66,RW-KAZ-2019,7416680.0,7.41668,Asia & Middle East,-5.849227859269179,-460.7699999999995
Rwanda,Kazakhstan,2020,Export,1.0,0.05,6992.13,0.49,RW-KAZ-2020,6992130.0,6.99213,Asia & Middle East,-5.72425937211799,-424.5500000000002
Rwanda,Kazakhstan,2021,Export,1.0,0.04,9010.08,0.58,RW-KAZ-2021,9010080.0,9.01008,Asia & Middle East,28.86030437077114,2017.9499999999998
Rwanda,Kazakhstan,2022,Export,3.0,0.13,5536.56,0.27,RW-KAZ-2022,5536560.0,5.536560000000001,Asia & Middle East,-38.55148899898779,-3473.5199999999995
Rwanda,Kenya,2018,Export,181.0,8.88,16925.78,1.69,RW-KEN-2018,16925780.0,16.92578,Africa,,
Rwanda,Kenya,2019,Export,217.0,9.69,12310.7,1.09,RW-KEN-2019,12310700.0,12.3107,Africa,-27.26657205753589,-4615.079999999998
Rwanda,Kenya,2020,Export,219.0,10.62,27568.4,1.93,RW-KEN-2020,27568400.0,27.5684,Africa,123.93852502294753,15257.7
Rwanda,Kenya,2021,Export,259.0,11.55,24092.63,1.54,RW-KEN-2021,24092630.0,24.09263,Africa,-12.607804587861471,-3475.7700000000004
Rwanda,Kenya,2022,Export,262.0,11.45,11877.93,0.59,RW-KEN-2022,11877930.0,11.877930000000001,Africa,-50.69890667810031,-12214.7
Rwanda,"Korea, Dem. Rep.",2018,Export,1.0,0.05,0.36,0.0,RW-KOR-2018,360.0,0.00035999999999999997,Asia & Middle East,,
Rwanda,"Korea, Dem. Rep.",2019,Export,2.0,0.09,226.99,0.02,RW-KOR-2019,226990.0,0.22699,Asia & Middle East,62952.77777777778,226.63
Rwanda,"Korea, Dem. Rep.",2020,Export,3.0,0.15,302.49,0.02,RW-KOR-2020,302490.0,0.30249000000000004,Asia & Middle East,33.261377153178564,75.5
Rwanda,"Korea, Dem. Rep.",2021,Export,1.0,0.04,87.05,0.01,RW-KOR-2021,87050.0,0.08705,Asia & Middle East,-71.22218916327813,-215.44
Rwanda,"Korea, Dem. Rep.",2022,Export,2.0,0.09,436.17,0.02,RW-KOR-2022,436170.0,0.43617,Asia & Middle East,401.05686387133835,349.12
Rwanda,"Korea, Rep.",2018,Export,25.0,1.23,1965.28,0.2,RW-KOR-2018,1965280.0,1.96528,Asia & Middle East,,
Rwanda,"Korea, Rep.",2019,Export,7.0,0.31,498.06,0.04,RW-KOR-2019,498060.0,0.49806,Asia & Middle East,-74.6570463241879,-1467.22
Rwanda,"Korea, Rep.",2020,Export,29.0,1.41,1430.9,0.1,RW-KOR-2020,1430900.0,1.4309,Asia & Middle East,187.2947034493836,932.8400000000001
Rwanda,"Korea, Rep.",2021,Export,21.0,0.94,875.34,0.06,RW-KOR-2021,875340.0,0.87534,Asia & Middle East,-38.82591376057027,-555.5600000000001
Rwanda,"Korea, Rep.",2022,Export,24.0,1.05,2220.86,0.11,RW-KOR-2022,2220860.0,2.22086,Asia & Middle East,153.71398542280716,1345.52
Rwanda,Kuwait,2019,Export,1.0,0.04,8.54,0.0,RW-KUW-2019,8540.0,0.008539999999999999,Asia & Middle East,,
Rwanda,Kuwait,2020,Export,1.0,0.05,82.46,0.01,RW-KUW-2020,82460.0,0.08245999999999999,Asia & Middle East,865.5737704918033,73.91999999999999
Rwanda,Kuwait,2021,Export,9.0,0.4,54.31,0.0,RW-KUW-2021,54310.0,0.054310000000000004,Asia & Middle East,-34.13776376424933,-28.14999999999999
Rwanda,Kyrgyz Republic,2018,Export,2.0,0.1,39.84,0.0,RW-KYR-2018,39840.0,0.03984,Asia & Middle East,,
Rwanda,Kyrgyz Republic,2019,Export,1.0,0.04,169.81,0.01,RW-KYR-2019,169810.0,0.16981,Asia & Middle East,326.2299196787148,129.97
Rwanda,Kyrgyz Republic,2020,Export,1.0,0.05,132.23,0.01,RW-KYR-2020,132230.0,0.13223,Asia & Middle East,-22.130616571462227,-37.58000000000001
Rwanda,Kyrgyz Republic,2021,Export,1.0,0.04,89.81,0.01,RW-KYR-2021,89810.0,0.08981,Asia & Middle East,-32.0804658549497,-42.41999999999999
Rwanda,Kyrgyz Republic,2022,Export,1.0,0.04,90.4,0.0,RW-KYR-2022,90400.0,0.09040000000000001,Asia & Middle East,0.6569424340273855,0.5900000000000034
Rwanda,Lao PDR,2018,Export,7.0,0.34,5.15,0.0,RW-LAO-2018,5150.0,0.00515,Asia & Middle East,,
Rwanda,Latin America & Caribbean,2018,Export,3.0,0.15,203.41,0.02,RW-LAT-2018,203410.0,0.20341,Other/Regional Grouping,,
Rwanda,Latin America & Caribbean,2019,Export,23.0,1.03,502.72,0.04,RW-LAT-2019,502720.0,0.5027200000000001,Other/Regional Grouping,147.14615800599776,299.31000000000006
Rwanda,Latin America & Caribbean,2021,Export,3.0,0.13,2496.47,0.16,RW-LAT-2021,2496470.0,2.49647,Other/Regional Grouping,396.5925366008911,1993.7499999999998
Rwanda,Latin America & Caribbean,2022,Export,22.0,0.96,52.42,0.0,RW-LAT-2022,52420.0,0.05242,Other/Regional Grouping,-97.9002351320064,-2444.0499999999997
Rwanda,Lebanon,2018,Export,11.0,0.54,33.84,0.0,RW-LEB-2018,33840.0,0.03384,Asia & Middle East,,
Rwanda,Lebanon,2019,Export,1.0,0.04,7.19,0.0,RW-LEB-2019,7190.0,0.00719,Asia & Middle East,-78.75295508274232,-26.650000000000002
Rwanda,Lebanon,2020,Export,2.0,0.1,10.97,0.0,RW-LEB-2020,10970.0,0.01097,Asia & Middle East,52.57301808066759,3.7800000000000002
Rwanda,Lebanon,2021,Export,4.0,0.18,2.27,0.0,RW-LEB-2021,2270.0,0.00227,Asia & Middle East,-79.30720145852325,-8.700000000000001
Rwanda,Lebanon,2022,Export,4.0,0.17,4.4,0.0,RW-LEB-2022,4400.0,0.0044,Asia & Middle East,93.83259911894275,2.1300000000000003
Rwanda,Lesotho,2022,Export,1.0,0.04,3.03,0.0,RW-LES-2022,3030.0,0.0030299999999999997,Africa,,
Rwanda,Liberia,2020,Export,7.0,0.34,1.64,0.0,RW-LIB-2020,1640.0,0.00164,Africa,,
Rwanda,Liberia,2021,Export,10.0,0.45,60.36,0.0,RW-LIB-2021,60360.0,0.06036,Africa,3580.487804878049,58.72
Rwanda,Libya,2018,Export,1.0,0.05,15.06,0.0,RW-LIB-2018,15060.0,0.01506,Africa,,
Rwanda,Libya,2020,Export,2.0,0.1,18.2,0.0,RW-LIB-2020,18200.0,0.0182,Africa,20.849933598937564,3.139999999999999
Rwanda,Libya,2022,Export,5.0,0.22,1.92,0.0,RW-LIB-2022,1920.0,0.0019199999999999998,Africa,-89.45054945054946,-16.28
Rwanda,Lithuania,2018,Export,4.0,0.2,28358.17,2.82,RW-LIT-2018,28358170.0,28.358169999999998,Europe & Central Asia,,
Rwanda,Luxembourg,2018,Export,2.0,0.1,8666.05,0.86,RW-LUX-2018,8666050.0,8.666049999999998,Europe & Central Asia,,
Rwanda,Luxembourg,2019,Export,4.0,0.18,3122.61,0.28,RW-LUX-2019,3122610.0,3.1226100000000003,Europe & Central Asia,-63.967320751668865,-5543.439999999999
Rwanda,Luxembourg,2020,Export,3.0,0.15,2349.8,0.16,RW-LUX-2020,2349800.0,2.3498,Europe & Central Asia,-24.748847918888362,-772.81
Rwanda,Luxembourg,2021,Export,6.0,0.27,11389.84,0.73,RW-LUX-2021,11389840.0,11.38984,Europe & Central Asia,384.7152949187165,9040.04
Rwanda,Luxembourg,2022,Export,4.0,0.17,10485.13,0.52,RW-LUX-2022,10485130.0,10.48513,Europe & Central Asia,-7.943131773580669,-904.710000000001
Rwanda,Macao,2019,Export,1.0,0.04,12.77,0.0,RW-MAC-2019,12770.0,0.01277,Asia & Middle East,,
Rwanda,Macao,2021,Export,1.0,0.04,26.34,0.0,RW-MAC-2021,26340.0,0.02634,Asia & Middle East,106.26468285043069,13.57
Rwanda,Madagascar,2018,Export,1.0,0.05,0.05,0.0,RW-MAD-2018,50.0,5e-05,Africa,,
Rwanda,Madagascar,2019,Export,6.0,0.27,81.65,0.01,RW-MAD-2019,81650.0,0.08165,Africa,163200.0,81.60000000000001
Rwanda,Madagascar,2020,Export,3.0,0.15,48.08,0.0,RW-MAD-2020,48080.0,0.04808,Africa,-41.11451316595224,-33.57000000000001
Rwanda,Madagascar,2021,Export,15.0,0.67,141.87,0.01,RW-MAD-2021,141870.0,0.14187,Africa,195.0707154742097,93.79
Rwanda,Madagascar,2022,Export,17.0,0.74,36.05,0.0,RW-MAD-2022,36050.0,0.03605,Africa,-74.58941284274336,-105.82000000000001
Rwanda,Malawi,2018,Export,14.0,0.69,152.77,0.02,RW-MAL-2018,152770.0,0.15277000000000002,Africa,,
Rwanda,Malawi,2019,Export,21.0,0.94,61.07,0.01,RW-MAL-2019,61070.0,0.06107,Africa,-60.02487399358514,-91.70000000000002
Rwanda,Malawi,2020,Export,28.0,1.36,73.24,0.01,RW-MAL-2020,73240.0,0.07324,Africa,19.927951531029954,12.169999999999995
Rwanda,Malawi,2021,Export,22.0,0.98,827.11,0.05,RW-MAL-2021,827110.0,0.82711,Africa,1029.3145821955216,753.87
Rwanda,Malawi,2022,Export,20.0,0.87,79.1,0.0,RW-MAL-2022,79100.0,0.07909999999999999,Africa,-90.43658038229498,-748.01
Rwanda,Malaysia,2018,Export,6.0,0.29,4608.33,0.46,RW-MAL-2018,4608330.0,4.60833,Asia & Middle East,,
Rwanda,Malaysia,2019,Export,6.0,0.27,3573.94,0.32,RW-MAL-2019,3573940.0,3.57394,Asia & Middle East,-22.446092185238463,-1034.3899999999999
Rwanda,Malaysia,2020,Export,16.0,0.78,2516.55,0.18,RW-MAL-2020,2516550.0,2.51655,Asia & Middle East,-29.586115043901128,-1057.3899999999999
Rwanda,Malaysia,2021,Export,12.0,0.54,6050.84,0.39,RW-MAL-2021,6050840.0,6.05084,Asia & Middle East,140.44187478889748,3534.29
Rwanda,Malaysia,2022,Export,15.0,0.66,6511.29,0.32,RW-MAL-2022,6511290.0,6.51129,Asia & Middle East,7.609687250034702,460.4499999999998
Rwanda,Mali,2018,Export,9.0,0.44,36.02,0.0,RW-MAL-2018,36020.0,0.03602,Africa,,
Rwanda,Mali,2019,Export,14.0,0.63,14.19,0.0,RW-MAL-2019,14190.0,0.01419,Africa,-60.60521932259857,-21.830000000000005
Rwanda,Mali,2020,Export,1.0,0.05,1.19,0.0,RW-MAL-2020,1190.0,0.0011899999999999999,Africa,-91.6138125440451,-13.0
Rwanda,Mali,2021,Export,11.0,0.49,12.07,0.0,RW-MAL-2021,12070.0,0.01207,Africa,914.2857142857144,10.88
Rwanda,Mali,2022,Export,14.0,0.61,30.65,0.0,RW-MAL-2022,30650.0,0.03065,Africa,153.93537696768846,18.58
Rwanda,Malta,2018,Export,2.0,0.1,149.93,0.01,RW-MAL-2018,149930.0,0.14993,Europe & Central Asia,,
Rwanda,Mauritania,2018,Export,7.0,0.34,6.46,0.0,RW-MAU-2018,6460.0,0.00646,Africa,,
Rwanda,Mauritania,2022,Export,16.0,0.7,79.38,0.0,RW-MAU-2022,79380.0,0.07937999999999999,Africa,1128.7925696594425,72.92
Rwanda,Mauritius,2018,Export,6.0,0.29,147.66,0.01,RW-MAU-2018,147660.0,0.14765999999999999,Africa,,
Rwanda,Mauritius,2019,Export,6.0,0.27,106.78,0.01,RW-MAU-2019,106780.0,0.10678,Africa,-27.685222809156162,-40.879999999999995
Rwanda,Mauritius,2020,Export,18.0,0.87,50.22,0.0,RW-MAU-2020,50220.0,0.05022,Africa,-52.9687207342199,-56.56
Rwanda,Mauritius,2021,Export,1.0,0.04,27.45,0.0,RW-MAU-2021,27450.0,0.02745,Africa,-45.340501792114694,-22.77
Rwanda,Mauritius,2022,Export,3.0,0.13,160.53,0.01,RW-MAU-2022,160530.0,0.16053,Africa,484.80874316939895,133.08
Rwanda,Mexico,2019,Export,13.0,0.58,323.53,0.03,RW-MEX-2019,323530.0,0.32353,Americas,,
Rwanda,Middle East & North Africa,2018,Export,115.0,5.64,60071.93,5.98,RW-MID-2018,60071930.0,60.07193,Other/Regional Grouping,,
Rwanda,Middle East & North Africa,2019,Export,112.0,5.0,351854.47,31.08,RW-MID-2019,351854470.0,351.85447,Other/Regional Grouping,485.7219336884964,291782.54
Rwanda,Middle East & North Africa,2020,Export,127.0,6.16,666059.73,46.54,RW-MID-2020,666059730.0,666.05973,Other/Regional Grouping,89.29977783144265,314205.26
Rwanda,Middle East & North Africa,2021,Export,204.0,9.1,451680.02,28.91,RW-MID-2021,451680020.0,451.68002,Other/Regional Grouping,-32.186259031153256,-214379.70999999996
Rwanda,Middle East & North Africa,2022,Export,192.0,8.39,612459.2,30.33,RW-MID-2022,612459200.0,612.4592,Other/Regional Grouping,35.59581404552716,160779.17999999993
Rwanda,Moldova,2018,Export,10.0,0.49,29.37,0.0,RW-MOL-2018,29370.0,0.02937,Europe & Central Asia,,
Rwanda,Moldova,2022,Export,1.0,0.04,5.24,0.0,RW-MOL-2022,5240.0,0.00524,Europe & Central Asia,-82.15866530473272,-24.130000000000003
Rwanda,Mongolia,2018,Export,10.0,0.49,19.88,0.0,RW-MON-2018,19880.0,0.01988,Asia & Middle East,,
Rwanda,Mongolia,2021,Export,1.0,0.04,8.19,0.0,RW-MON-2021,8189.999999999999,0.00819,Asia & Middle East,-58.80281690140845,-11.69
Rwanda,Morocco,2018,Export,15.0,0.74,116.4,0.01,RW-MOR-2018,116400.0,0.1164,Africa,,
Rwanda,Morocco,2019,Export,14.0,0.63,108.37,0.01,RW-MOR-2019,108370.0,0.10837000000000001,Africa,-6.898625429553262,-8.030000000000001
Rwanda,Morocco,2021,Export,11.0,0.49,76.02,0.0,RW-MOR-2021,76020.0,0.07601999999999999,Africa,-29.851434898957287,-32.35000000000001
Rwanda,Morocco,2022,Export,2.0,0.09,19.82,0.0,RW-MOR-2022,19820.0,0.01982,Africa,-73.92791370691923,-56.199999999999996
Rwanda,Mozambique,2018,Export,16.0,0.78,130.42,0.01,RW-MOZ-2018,130419.99999999999,0.13041999999999998,Africa,,
Rwanda,Mozambique,2019,Export,8.0,0.36,591.09,0.05,RW-MOZ-2019,591090.0,0.59109,Africa,353.2203649746972,460.6700000000001
Rwanda,Mozambique,2020,Export,19.0,0.92,425.37,0.03,RW-MOZ-2020,425370.0,0.42537,Africa,-28.036339643709084,-165.72000000000003
Rwanda,Mozambique,2021,Export,19.0,0.85,251.73,0.02,RW-MOZ-2021,251730.0,0.25173,Africa,-40.82093236476479,-173.64000000000001
Rwanda,Mozambique,2022,Export,20.0,0.87,80.45,0.0,RW-MOZ-2022,80450.0,0.08045000000000001,Africa,-68.04115520597465,-171.27999999999997
Rwanda,Myanmar,2018,Export,2.0,0.1,999.73,0.1,RW-MYA-2018,999730.0,0.99973,Asia & Middle East,,
Rwanda,Myanmar,2019,Export,2.0,0.09,8135.63,0.72,RW-MYA-2019,8135630.0,8.13563,Asia & Middle East,713.7827213347604,7135.9
Rwanda,Myanmar,2020,Export,1.0,0.05,773.4,0.05,RW-MYA-2020,773400.0,0.7734,Asia & Middle East,-90.4936679765427,-7362.2300000000005
Rwanda,Myanmar,2021,Export,1.0,0.04,697.82,0.04,RW-MYA-2021,697820.0,0.69782,Asia & Middle East,-9.77243341091284,-75.57999999999993
Rwanda,Myanmar,2022,Export,2.0,0.09,1014.9,0.05,RW-MYA-2022,1014900.0,1.0149,Asia & Middle East,45.43865180132411,317.0799999999999
Rwanda,Nepal,2018,Export,20.0,0.98,28.95,0.0,RW-NEP-2018,28950.0,0.02895,Asia & Middle East,,
Rwanda,Nepal,2019,Export,2.0,0.09,3.99,0.0,RW-NEP-2019,3990.0,0.0039900000000000005,Asia & Middle East,-86.21761658031089,-24.96
Rwanda,Nepal,2020,Export,1.0,0.05,0.04,0.0,RW-NEP-2020,40.0,4e-05,Asia & Middle East,-98.99749373433583,-3.95
Rwanda,Nepal,2021,Export,1.0,0.04,0.81,0.0,RW-NEP-2021,810.0,0.0008100000000000001,Asia & Middle East,1925.0,0.77
Rwanda,Netherlands,2018,Export,40.0,1.96,4829.47,0.48,RW-NET-2018,4829470.0,4.829470000000001,Europe & Central Asia,,
Rwanda,Netherlands,2019,Export,45.0,2.01,5353.07,0.47,RW-NET-2019,5353070.0,5.35307,Europe & Central Asia,10.841769386702872,523.5999999999995
Rwanda,Netherlands,2020,Export,44.0,2.13,10093.48,0.71,RW-NET-2020,10093480.0,10.09348,Europe & Central Asia,88.55497873183052,4740.41
Rwanda,Netherlands,2021,Export,39.0,1.74,12873.67,0.82,RW-NET-2021,12873670.0,12.87367,Europe & Central Asia,27.544414810352833,2780.1900000000005
Rwanda,Netherlands,2022,Export,30.0,1.31,14893.84,0.74,RW-NET-2022,14893840.0,14.89384,Europe & Central Asia,15.692261802578432,2020.17
Rwanda,New Zealand,2018,Export,2.0,0.1,1148.03,0.11,RW-NEW-2018,1148030.0,1.1480299999999999,Oceania,,
Rwanda,New Zealand,2019,Export,1.0,0.04,846.82,0.07,RW-NEW-2019,846820.0,0.84682,Oceania,-26.237119239044272,-301.2099999999999
Rwanda,New Zealand,2020,Export,12.0,0.58,1423.83,0.1,RW-NEW-2020,1423830.0,1.42383,Oceania,68.1384473677995,577.0099999999999
Rwanda,New Zealand,2021,Export,2.0,0.09,619.15,0.04,RW-NEW-2021,619150.0,0.61915,Oceania,-56.515173862048144,-804.68
Rwanda,New Zealand,2022,Export,4.0,0.17,564.47,0.03,RW-NEW-2022,564470.0,0.56447,Oceania,-8.831462488896058,-54.67999999999995
Rwanda,Niger,2018,Export,10.0,0.49,381.7,0.04,RW-NIG-2018,381700.0,0.3817,Africa,,
Rwanda,Niger,2019,Export,4.0,0.18,1209.41,0.11,RW-NIG-2019,1209410.0,1.20941,Africa,216.84831019124968,827.71
Rwanda,Niger,2020,Export,1.0,0.05,10.3,0.0,RW-NIG-2020,10300.0,0.0103,Africa,-99.14834506081478,-1199.1100000000001
Rwanda,Niger,2021,Export,2.0,0.09,312.69,0.02,RW-NIG-2021,312690.0,0.31269,Africa,2935.8252427184466,302.39
Rwanda,Niger,2022,Export,1.0,0.04,457.5,0.02,RW-NIG-2022,457500.0,0.4575,Africa,46.31104288592536,144.81
Rwanda,Nigeria,2018,Export,16.0,0.78,131.73,0.01,RW-NIG-2018,131730.0,0.13172999999999999,Africa,,
Rwanda,Nigeria,2019,Export,28.0,1.25,141.32,0.01,RW-NIG-2019,141320.0,0.14132,Africa,7.280042511197138,9.590000000000003
Rwanda,Nigeria,2020,Export,29.0,1.41,162.29,0.01,RW-NIG-2020,162290.0,0.16229,Africa,14.83866402490801,20.97
Rwanda,Nigeria,2021,Export,21.0,0.94,866.06,0.06,RW-NIG-2021,866060.0,0.8660599999999999,Africa,433.64963953416725,703.77
Rwanda,Nigeria,2022,Export,23.0,1.0,744.12,0.04,RW-NIG-2022,744120.0,0.74412,Africa,-14.07985589912939,-121.93999999999994
Rwanda,North America,2018,Export,110.0,5.39,25683.71,2.56,RW-NOR-2018,25683710.0,25.683709999999998,Other/Regional Grouping,,
Rwanda,North America,2019,Export,119.0,5.31,13059.9,1.15,RW-NOR-2019,13059900.0,13.059899999999999,Other/Regional Grouping,-49.15103775895305,-12623.81
Rwanda,North America,2020,Export,128.0,6.21,24092.27,1.68,RW-NOR-2020,24092270.0,24.09227,Other/Regional Grouping,84.47514912059052,11032.37
Rwanda,North America,2021,Export,212.0,9.46,29853.09,1.91,RW-NOR-2021,29853090.0,29.85309,Other/Regional Grouping,23.91148696241574,5760.82
Rwanda,North America,2022,Export,195.0,8.52,26984.21,1.34,RW-NOR-2022,26984210.0,26.984209999999997,Other/Regional Grouping,-9.6099934713626,-2868.880000000001
Rwanda,North Macedonia,2018,Export,11.0,0.54,18.06,0.0,RW-NOR-2018,18060.0,0.01806,Europe & Central Asia,,
Rwanda,North Macedonia,2019,Export,1.0,0.04,0.01,0.0,RW-NOR-2019,10.0,1e-05,Europe & Central Asia,-99.94462901439645,-18.049999999999997
Rwanda,Norway,2018,Export,1.0,0.05,120.42,0.01,RW-NOR-2018,120420.0,0.12042,Europe & Central Asia,,
Rwanda,Norway,2019,Export,1.0,0.04,148.15,0.01,RW-NOR-2019,148150.0,0.14815,Europe & Central Asia,23.027736256435816,27.730000000000004
Rwanda,Norway,2020,Export,2.0,0.1,227.84,0.02,RW-NOR-2020,227840.0,0.22784000000000001,Europe & Central Asia,53.7900776240297,79.69
Rwanda,Norway,2021,Export,1.0,0.04,0.43,0.0,RW-NOR-2021,430.0,0.00043,Europe & Central Asia,-99.81127106741573,-227.41
Rwanda,Norway,2022,Export,10.0,0.44,120.69,0.01,RW-NOR-2022,120690.0,0.12068999999999999,Europe & Central Asia,27967.44186046512,120.25999999999999
Rwanda,Oman,2018,Export,12.0,0.59,416.54,0.04,RW-OMA-2018,416540.0,0.41654,Asia & Middle East,,
Rwanda,Oman,2019,Export,7.0,0.31,264.36,0.02,RW-OMA-2019,264360.0,0.26436000000000004,Asia & Middle East,-36.53430642915446,-152.18
Rwanda,Oman,2020,Export,20.0,0.97,691.86,0.05,RW-OMA-2020,691860.0,0.69186,Asia & Middle East,161.7113027689514,427.5
Rwanda,Oman,2021,Export,7.0,0.31,1064.92,0.07,RW-OMA-2021,1064920.0,1.06492,Asia & Middle East,53.92131356054695,373.06000000000006
Rwanda,Oman,2022,Export,3.0,0.13,190.35,0.01,RW-OMA-2022,190350.0,0.19035,Asia & Middle East,-82.12541787176502,-874.57
Rwanda,"Other Asia, nes",2018,Export,,,116.91,0.01,RW-OTH-2018,116910.0,0.11691,Other/Regional Grouping,,
Rwanda,"Other Asia, nes",2019,Export,,,21.12,0.0,RW-OTH-2019,21120.0,0.02112,Other/Regional Grouping,-81.9348216576854,-95.78999999999999
Rwanda,"Other Asia, nes",2020,Export,,,257.43,0.02,RW-OTH-2020,257430.0,0.25743,Other/Regional Grouping,1118.8920454545455,236.31
Rwanda,"Other Asia, nes",2021,Export,,,97.12,0.01,RW-OTH-2021,97120.0,0.09712,Other/Regional Grouping,-62.27323932719574,-160.31
Rwanda,"Other Asia, nes",2022,Export,,,874.87,0.04,RW-OTH-2022,874870.0,0.87487,Other/Regional Grouping,800.8134266886326,777.75
Rwanda,Pakistan,2018,Export,1.0,0.05,41386.58,4.12,RW-PAK-2018,41386580.0,41.38658,Asia & Middle East,,
Rwanda,Pakistan,2019,Export,2.0,0.09,39269.38,3.47,RW-PAK-2019,39269380.0,39.26938,Asia & Middle East,-5.115667929072676,-2117.2000000000044
Rwanda,Pakistan,2020,Export,2.0,0.1,32725.02,2.29,RW-PAK-2020,32725020.0,32.72502,Asia & Middle East,-16.66530003784118,-6544.359999999997
Rwanda,Pakistan,2021,Export,3.0,0.13,37168.53,2.38,RW-PAK-2021,37168530.0,37.16853,Asia & Middle East,13.578326308127542,4443.509999999998
Rwanda,Pakistan,2022,Export,4.0,0.17,38858.23,1.92,RW-PAK-2022,38858230.0,38.858230000000006,Asia & Middle East,4.546050112823963,1689.7000000000044
Rwanda,Philippines,2019,Export,16.0,0.71,7.89,0.0,RW-PHI-2019,7890.0,0.00789,Asia & Middle East,,
Rwanda,Philippines,2022,Export,7.0,0.31,19.9,0.0,RW-PHI-2022,19900.0,0.019899999999999998,Asia & Middle East,152.21799746514571,12.009999999999998
Rwanda,Poland,2018,Export,30.0,1.47,348.74,0.03,RW-POL-2018,348740.0,0.34874,Europe & Central Asia,,
Rwanda,Poland,2019,Export,5.0,0.22,235.86,0.02,RW-POL-2019,235860.0,0.23586000000000001,Europe & Central Asia,-32.36795320295922,-112.88
Rwanda,Poland,2020,Export,3.0,0.15,32.5,0.0,RW-POL-2020,32500.0,0.0325,Europe & Central Asia,-86.2206393623336,-203.36
Rwanda,Poland,2021,Export,7.0,0.31,407.25,0.03,RW-POL-2021,407250.0,0.40725,Europe & Central Asia,1153.076923076923,374.75
Rwanda,Poland,2022,Export,5.0,0.22,2326.06,0.12,RW-POL-2022,2326060.0,2.32606,Europe & Central Asia,471.16267648864334,1918.81
Rwanda,Portugal,2020,Export,5.0,0.24,16.86,0.0,RW-POR-2020,16860.0,0.01686,Europe & Central Asia,,
Rwanda,Portugal,2021,Export,20.0,0.89,23.93,0.0,RW-POR-2021,23930.0,0.02393,Europe & Central Asia,41.93357058125742,7.07
Rwanda,Portugal,2022,Export,12.0,0.52,15.74,0.0,RW-POR-2022,15740.0,0.01574,Europe & Central Asia,-34.224822398662766,-8.19
Rwanda,Qatar,2018,Export,1.0,0.05,7618.73,0.76,RW-QAT-2018,7618730.0,7.618729999999999,Asia & Middle East,,
Rwanda,Qatar,2019,Export,7.0,0.31,1699.08,0.15,RW-QAT-2019,1699080.0,1.69908,Asia & Middle East,-77.69864531227645,-5919.65
Rwanda,Qatar,2020,Export,11.0,0.53,2385.67,0.17,RW-QAT-2020,2385670.0,2.38567,Asia & Middle East,40.40951573792877,686.5900000000001
Rwanda,Qatar,2021,Export,25.0,1.12,224.69,0.01,RW-QAT-2021,224690.0,0.22469,Asia & Middle East,-90.58168145636236,-2160.98
Rwanda,Qatar,2022,Export,37.0,1.62,2951.41,0.15,RW-QAT-2022,2951410.0,2.9514099999999996,Asia & Middle East,1213.5475544082958,2726.72
Rwanda,Romania,2018,Export,6.0,0.29,8.14,0.0,RW-ROM-2018,8140.000000000001,0.008140000000000001,Europe & Central Asia,,
Rwanda,Romania,2022,Export,5.0,0.22,25.46,0.0,RW-ROM-2022,25460.0,0.02546,Europe & Central Asia,212.77641277641277,17.32
Rwanda,Russian Federation,2018,Export,4.0,0.2,2579.67,0.26,RW-RUS-2018,2579670.0,2.57967,Europe & Central Asia,,
Rwanda,Russian Federation,2019,Export,2.0,0.09,3092.51,0.27,RW-RUS-2019,3092510.0,3.0925100000000003,Europe & Central Asia,19.880062178495695,512.8400000000001
Rwanda,Russian Federation,2020,Export,5.0,0.24,4497.44,0.31,RW-RUS-2020,4497440.0,4.497439999999999,Europe & Central Asia,45.43008753407425,1404.9299999999994
Rwanda,Russian Federation,2021,Export,7.0,0.31,5032.92,0.32,RW-RUS-2021,5032920.0,5.03292,Europe & Central Asia,11.906328933793464,535.4800000000005
Rwanda,Russian Federation,2022,Export,4.0,0.17,4123.61,0.2,RW-RUS-2022,4123609.9999999995,4.123609999999999,Europe & Central Asia,-18.06724525722643,-909.3100000000004
Rwanda,Saudi Arabia,2018,Export,4.0,0.2,302.71,0.03,RW-SAU-2018,302710.0,0.30271,Asia & Middle East,,
Rwanda,Saudi Arabia,2019,Export,4.0,0.18,379.06,0.03,RW-SAU-2019,379060.0,0.37906,Asia & Middle East,25.222159822932856,76.35000000000002
Rwanda,Saudi Arabia,2020,Export,8.0,0.39,2616.55,0.18,RW-SAU-2020,2616550.0,2.61655,Asia & Middle East,590.2733076557802,2237.4900000000002
Rwanda,Saudi Arabia,2021,Export,15.0,0.67,1075.01,0.07,RW-SAU-2021,1075010.0,1.07501,Asia & Middle East,-58.9149834706006,-1541.5400000000002
Rwanda,Saudi Arabia,2022,Export,42.0,1.83,1988.05,0.1,RW-SAU-2022,1988050.0,1.9880499999999999,Asia & Middle East,84.93316341243337,913.04
Rwanda,Senegal,2018,Export,1.0,0.05,2.95,0.0,RW-SEN-2018,2950.0,0.0029500000000000004,Africa,,
Rwanda,Senegal,2019,Export,16.0,0.71,15.37,0.0,RW-SEN-2019,15370.0,0.01537,Africa,421.01694915254234,12.419999999999998
Rwanda,Senegal,2020,Export,40.0,1.94,464.05,0.03,RW-SEN-2020,464050.0,0.46405,Africa,2919.1932335718934,448.68
Rwanda,Senegal,2021,Export,1.0,0.04,2.76,0.0,RW-SEN-2021,2760.0,0.00276,Africa,-99.405236504687,-461.29
Rwanda,Senegal,2022,Export,7.0,0.31,16.91,0.0,RW-SEN-2022,16910.0,0.01691,Africa,512.68115942029,14.15
Rwanda,"Serbia, FR(Serbia/Montenegro)",2018,Export,1.0,0.05,0.11,0.0,RW-SER-2018,110.0,0.00011,Europe & Central Asia,,
Rwanda,Sierra Leone,2018,Export,1.0,0.05,0.61,0.0,RW-SIE-2018,610.0,0.00061,Africa,,
Rwanda,Sierra Leone,2019,Export,1.0,0.04,1.51,0.0,RW-SIE-2019,1510.0,0.00151,Africa,147.54098360655738,0.9
Rwanda,Sierra Leone,2021,Export,1.0,0.04,1.51,0.0,RW-SIE-2021,1510.0,0.00151,Africa,0.0,0.0
Rwanda,Singapore,2018,Export,9.0,0.44,39617.23,3.95,RW-SIN-2018,39617230.0,39.617230000000006,Asia & Middle East,,
Rwanda,Singapore,2019,Export,8.0,0.36,29846.46,2.64,RW-SIN-2019,29846460.0,29.84646,Asia & Middle East,-24.662930750080214,-9770.770000000004
Rwanda,Singapore,2020,Export,8.0,0.39,18330.39,1.28,RW-SIN-2020,18330390.0,18.330389999999998,Asia & Middle East,-38.5843748303819,-11516.07
Rwanda,Singapore,2021,Export,6.0,0.27,25556.49,1.64,RW-SIN-2021,25556490.0,25.55649,Asia & Middle East,39.42141983885779,7226.100000000002
Rwanda,Singapore,2022,Export,7.0,0.31,32717.08,1.62,RW-SIN-2022,32717080.0,32.71708,Asia & Middle East,28.018675491039644,7160.59
Rwanda,Slovak Republic,2019,Export,1.0,0.04,694.6,0.06,RW-SLO-2019,694600.0,0.6946,Europe & Central Asia,,
Rwanda,Slovak Republic,2021,Export,1.0,0.04,0.19,0.0,RW-SLO-2021,190.0,0.00019,Europe & Central Asia,-99.9726461272675,-694.41
Rwanda,Somalia,2018,Export,1.0,0.05,40.31,0.0,RW-SOM-2018,40310.0,0.040310000000000006,Africa,,
Rwanda,Somalia,2019,Export,7.0,0.31,1616.03,0.14,RW-SOM-2019,1616030.0,1.61603,Africa,3909.0052096254026,1575.72
Rwanda,Somalia,2020,Export,9.0,0.44,156.89,0.01,RW-SOM-2020,156890.0,0.15688999999999997,Africa,-90.29164062548344,-1459.1399999999999
Rwanda,Somalia,2021,Export,3.0,0.13,748.62,0.05,RW-SOM-2021,748620.0,0.74862,Africa,377.16234304289634,591.73
Rwanda,Somalia,2022,Export,7.0,0.31,866.35,0.04,RW-SOM-2022,866350.0,0.8663500000000001,Africa,15.726269669525262,117.73000000000002
Rwanda,South Africa,2018,Export,39.0,1.91,671.96,0.07,RW-SOU-2018,671960.0,0.67196,Africa,,
Rwanda,South Africa,2019,Export,64.0,2.86,1220.81,0.11,RW-SOU-2019,1220810.0,1.22081,Africa,81.67896898624916,548.8499999999999
Rwanda,South Africa,2020,Export,58.0,2.81,1067.67,0.07,RW-SOU-2020,1067670.0,1.0676700000000001,Africa,-12.544130536283282,-153.13999999999987
Rwanda,South Africa,2021,Export,63.0,2.81,850.33,0.05,RW-SOU-2021,850330.0,0.85033,Africa,-20.35647718864443,-217.34000000000003
Rwanda,South Africa,2022,Export,63.0,2.75,666.45,0.03,RW-SOU-2022,666450.0,0.6664500000000001,Africa,-21.624545764585513,-183.88
Rwanda,South Asia,2018,Export,62.0,3.04,52152.09,5.19,RW-SOU-2018,52152090.0,52.152089999999994,Other/Regional Grouping,,
Rwanda,South Asia,2019,Export,27.0,1.21,47000.32,4.15,RW-SOU-2019,47000320.0,47.00032,Other/Regional Grouping,-9.878357703401718,-5151.769999999997
Rwanda,South Asia,2020,Export,65.0,3.15,48722.11,3.4,RW-SOU-2020,48722110.0,48.72211,Other/Regional Grouping,3.6633580367112506,1721.7900000000009
Rwanda,South Asia,2021,Export,39.0,1.74,49621.55,3.18,RW-SOU-2021,49621550.0,49.621550000000006,Other/Regional Grouping,1.8460612645880836,899.4400000000023
Rwanda,South Asia,2022,Export,31.0,1.35,110273.05,5.46,RW-SOU-2022,110273050.0,110.27305,Other/Regional Grouping,122.22814482820468,60651.5
Rwanda,South Sudan,2018,Export,121.0,5.93,4917.51,0.49,RW-SOU-2018,4917510.0,4.91751,Africa,,
Rwanda,South Sudan,2019,Export,46.0,2.05,20204.58,1.78,RW-SOU-2019,20204580.0,20.20458,Africa,310.87013549540313,15287.070000000002
Rwanda,South Sudan,2020,Export,38.0,1.84,12757.43,0.89,RW-SOU-2020,12757430.0,12.757430000000001,Africa,-36.85872213131874,-7447.1500000000015
Rwanda,South Sudan,2021,Export,71.0,3.17,7936.7,0.51,RW-SOU-2021,7936700.0,7.9367,Africa,-37.78762650471138,-4820.7300000000005
Rwanda,South Sudan,2022,Export,61.0,2.66,22005.6,1.09,RW-SOU-2022,22005600.0,22.005599999999998,Africa,177.2638502148248,14068.899999999998
Rwanda,Spain,2018,Export,7.0,0.34,779.23,0.08,RW-SPA-2018,779230.0,0.77923,Europe & Central Asia,,
Rwanda,Spain,2019,Export,5.0,0.22,374.42,0.03,RW-SPA-2019,374420.0,0.37442000000000003,Europe & Central Asia,-51.950001924977215,-404.81
Rwanda,Spain,2020,Export,8.0,0.39,17.56,0.0,RW-SPA-2020,17560.0,0.01756,Europe & Central Asia,-95.31007958976551,-356.86
Rwanda,Spain,2021,Export,8.0,0.36,65.24,0.0,RW-SPA-2021,65239.99999999999,0.06523999999999999,Europe & Central Asia,271.52619589977223,47.67999999999999
Rwanda,Spain,2022,Export,4.0,0.17,2358.04,0.12,RW-SPA-2022,2358040.0,2.35804,Europe & Central Asia,3514.4083384426735,2292.8
Rwanda,Sri Lanka,2018,Export,4.0,0.2,93.37,0.01,RW-SRI-2018,93370.0,0.09337000000000001,Asia & Middle East,,
Rwanda,Sri Lanka,2019,Export,2.0,0.09,157.21,0.01,RW-SRI-2019,157210.0,0.15721000000000002,Asia & Middle East,68.3731391239156,63.84
Rwanda,Sri Lanka,2020,Export,3.0,0.15,134.61,0.01,RW-SRI-2020,134610.0,0.13461,Asia & Middle East,-14.375675847592383,-22.599999999999994
Rwanda,Sri Lanka,2021,Export,3.0,0.13,401.43,0.03,RW-SRI-2021,401430.0,0.40143,Asia & Middle East,198.21707154000444,266.82
Rwanda,Sri Lanka,2022,Export,3.0,0.13,62.94,0.0,RW-SRI-2022,62940.0,0.06294,Asia & Middle East,-84.32105223824826,-338.49
Rwanda,St. Vincent and the Grenadines,2021,Export,1.0,0.04,4.52,0.0,RW-ST.-2021,4520.0,0.00452,Other/Regional Grouping,,
Rwanda,Sub-Saharan Africa,2018,Export,1980.0,97.11,439899.66,43.81,RW-SUB-2018,439899660.0,439.89966,Other/Regional Grouping,,
Rwanda,Sub-Saharan Africa,2019,Export,2179.0,97.28,499955.2,44.17,RW-SUB-2019,499955200.0,499.9552,Other/Regional Grouping,13.6520996629095,60055.54000000004
Rwanda,Sub-Saharan Africa,2020,Export,2012.0,97.58,472644.13,33.02,RW-SUB-2020,472644130.0,472.64413,Other/Regional Grouping,-5.462703458229856,-27311.070000000007
Rwanda,Sub-Saharan Africa,2021,Export,2155.0,96.12,781305.04,50.0,RW-SUB-2021,781305040.0,781.3050400000001,Other/Regional Grouping,65.30513983110295,308660.91000000003
Rwanda,Sub-Saharan Africa,2022,Export,2228.0,97.34,903072.21,44.72,RW-SUB-2022,903072210.0,903.0722099999999,Other/Regional Grouping,15.585099771019006,121767.16999999993
Rwanda,Sudan,2018,Export,48.0,2.35,12663.91,1.26,RW-SUD-2018,12663910.0,12.66391,Africa,,
Rwanda,Sudan,2019,Export,9.0,0.4,5070.96,0.45,RW-SUD-2019,5070960.0,5.07096,Africa,-59.95739072687661,-7592.95
Rwanda,Sudan,2020,Export,9.0,0.44,5473.32,0.38,RW-SUD-2020,5473320.0,5.473319999999999,Africa,7.934592266553064,402.3599999999997
Rwanda,Sudan,2021,Export,17.0,0.76,4508.38,0.29,RW-SUD-2021,4508380.0,4.50838,Africa,-17.62988460386017,-964.9399999999996
Rwanda,Sudan,2022,Export,23.0,1.0,6232.33,0.31,RW-SUD-2022,6232330.0,6.23233,Africa,38.23879087388373,1723.9499999999998
Rwanda,Sweden,2018,Export,27.0,1.32,324.52,0.03,RW-SWE-2018,324520.0,0.32452,Europe & Central Asia,,
Rwanda,Sweden,2019,Export,20.0,0.89,205.06,0.02,RW-SWE-2019,205060.0,0.20506,Europe & Central Asia,-36.81129052138543,-119.45999999999998
Rwanda,Sweden,2020,Export,25.0,1.21,128.12,0.01,RW-SWE-2020,128120.0,0.12812,Europe & Central Asia,-37.52072564127572,-76.94
Rwanda,Sweden,2021,Export,33.0,1.47,290.54,0.02,RW-SWE-2021,290540.0,0.29054,Europe & Central Asia,126.77177645956914,162.42000000000002
Rwanda,Sweden,2022,Export,35.0,1.53,558.57,0.03,RW-SWE-2022,558570.0,0.55857,Europe & Central Asia,92.252357678805,268.03000000000003
Rwanda,Switzerland,2018,Export,42.0,2.06,88763.71,8.84,RW-SWI-2018,88763710.0,88.76371,Europe & Central Asia,,
Rwanda,Switzerland,2019,Export,18.0,0.8,54186.73,4.79,RW-SWI-2019,54186730.0,54.186730000000004,Europe & Central Asia,-38.95395990095501,-34576.98
Rwanda,Switzerland,2020,Export,18.0,0.87,15535.46,1.09,RW-SWI-2020,15535460.0,15.535459999999999,Europe & Central Asia,-71.32977022234041,-38651.270000000004
Rwanda,Switzerland,2021,Export,12.0,0.54,26038.73,1.67,RW-SWI-2021,26038730.0,26.03873,Europe & Central Asia,67.6083617736456,10503.27
Rwanda,Switzerland,2022,Export,8.0,0.35,16980.2,0.84,RW-SWI-2022,16980200.0,16.9802,Europe & Central Asia,-34.788678249668855,-9058.529999999999
Rwanda,Syrian Arab Republic,2019,Export,1.0,0.04,47.09,0.0,RW-SYR-2019,47090.0,0.04709000000000001,Asia & Middle East,,
Rwanda,Tajikistan,2021,Export,1.0,0.04,216.93,0.01,RW-TAJ-2021,216930.0,0.21693,Asia & Middle East,,
Rwanda,Tanzania,2018,Export,90.0,4.41,14659.44,1.46,RW-TAN-2018,14659440.0,14.65944,Africa,,
Rwanda,Tanzania,2019,Export,91.0,4.06,5030.11,0.44,RW-TAN-2019,5030110.0,5.03011,Africa,-65.686888448672,-9629.330000000002
Rwanda,Tanzania,2020,Export,174.0,8.44,5010.66,0.35,RW-TAN-2020,5010660.0,5.01066,Africa,-0.3866714644411351,-19.449999999999818
Rwanda,Tanzania,2021,Export,175.0,7.81,96535.96,6.18,RW-TAN-2021,96535960.0,96.53596,Africa,1826.611663932496,91525.3
Rwanda,Tanzania,2022,Export,213.0,9.31,7138.88,0.35,RW-TAN-2022,7138880.0,7.13888,Africa,-92.60495260004666,-89397.08
Rwanda,Thailand,2018,Export,6.0,0.29,32632.53,3.25,RW-THA-2018,32632530.0,32.632529999999996,Asia & Middle East,,
Rwanda,Thailand,2019,Export,4.0,0.18,598.55,0.05,RW-THA-2019,598550.0,0.5985499999999999,Asia & Middle East,-98.16578732939186,-32033.98
Rwanda,Thailand,2020,Export,5.0,0.24,954.21,0.07,RW-THA-2020,954210.0,0.95421,Asia & Middle East,59.420265641968115,355.6600000000001
Rwanda,Thailand,2021,Export,13.0,0.58,518.68,0.03,RW-THA-2021,518679.99999999994,0.5186799999999999,Asia & Middle East,-45.642992632649005,-435.5300000000001
Rwanda,Thailand,2022,Export,5.0,0.22,1759.86,0.09,RW-THA-2022,1759860.0,1.75986,Asia & Middle East,239.29590498958896,1241.1799999999998
Rwanda,Togo,2018,Export,2.0,0.1,0.56,0.0,RW-TOG-2018,560.0,0.0005600000000000001,Africa,,
Rwanda,Togo,2019,Export,10.0,0.45,31.99,0.0,RW-TOG-2019,31990.0,0.03199,Africa,5612.499999999999,31.43
Rwanda,Togo,2020,Export,1.0,0.05,7.36,0.0,RW-TOG-2020,7360.0,0.00736,Africa,-76.99281025320413,-24.63
Rwanda,Togo,2021,Export,1.0,0.04,5.75,0.0,RW-TOG-2021,5750.0,0.00575,Africa,-21.875,-1.6100000000000003
Rwanda,Togo,2022,Export,2.0,0.09,4.42,0.0,RW-TOG-2022,4420.0,0.00442,Africa,-23.1304347826087,-1.33
Rwanda,Tunisia,2018,Export,11.0,0.54,22.99,0.0,RW-TUN-2018,22990.0,0.02299,Africa,,
Rwanda,Tunisia,2019,Export,3.0,0.13,118.4,0.01,RW-TUN-2019,118400.0,0.1184,Africa,415.00652457590263,95.41000000000001
Rwanda,Tunisia,2020,Export,2.0,0.1,6.71,0.0,RW-TUN-2020,6710.0,0.00671,Africa,-94.33277027027027,-111.69000000000001
Rwanda,Tunisia,2022,Export,1.0,0.04,5.51,0.0,RW-TUN-2022,5510.0,0.00551,Africa,-17.883755588673623,-1.2000000000000002
Rwanda,Turkey,2018,Export,6.0,0.29,1865.49,0.19,RW-TUR-2018,1865490.0,1.86549,Asia & Middle East,,
Rwanda,Turkey,2019,Export,6.0,0.27,1661.25,0.15,RW-TUR-2019,1661250.0,1.66125,Asia & Middle East,-10.948329929401924,-204.24
Rwanda,Turkey,2020,Export,6.0,0.29,55192.01,3.86,RW-TUR-2020,55192010.0,55.19201,Asia & Middle East,3222.31813393529,53530.76
Rwanda,Turkey,2021,Export,11.0,0.49,1682.71,0.11,RW-TUR-2021,1682710.0,1.68271,Asia & Middle East,-96.95117101189103,-53509.3
Rwanda,Turkey,2022,Export,15.0,0.66,6899.96,0.34,RW-TUR-2022,6899960.0,6.89996,Asia & Middle East,310.0504543266516,5217.25
Rwanda,Uganda,2018,Export,404.0,19.81,33840.23,3.37,RW-UGA-2018,33840230.0,33.840230000000005,Africa,,
Rwanda,Uganda,2019,Export,296.0,13.21,31714.0,2.8,RW-UGA-2019,31714000.0,31.714,Africa,-6.283142874619951,-2126.230000000003
Rwanda,Uganda,2020,Export,193.0,9.36,21811.78,1.52,RW-UGA-2020,21811780.0,21.81178,Africa,-31.223497508986576,-9902.220000000001
Rwanda,Uganda,2021,Export,190.0,8.47,25107.77,1.61,RW-UGA-2021,25107770.0,25.107770000000002,Africa,15.111054668624035,3295.9900000000016
Rwanda,Uganda,2022,Export,241.0,10.53,22772.91,1.13,RW-UGA-2022,22772910.0,22.77291,Africa,-9.299352351881506,-2334.8600000000006
Rwanda,Ukraine,2018,Export,3.0,0.15,56.7,0.01,RW-UKR-2018,56700.0,0.0567,Europe & Central Asia,,
Rwanda,Ukraine,2019,Export,3.0,0.13,63.04,0.01,RW-UKR-2019,63040.0,0.06304,Europe & Central Asia,11.1816578483245,6.339999999999996
Rwanda,Ukraine,2020,Export,4.0,0.19,286.05,0.02,RW-UKR-2020,286050.0,0.28605,Europe & Central Asia,353.7595177664975,223.01000000000002
Rwanda,Ukraine,2021,Export,3.0,0.13,654.43,0.04,RW-UKR-2021,654430.0,0.65443,Europe & Central Asia,128.781681524209,368.37999999999994
Rwanda,Ukraine,2022,Export,3.0,0.13,298.69,0.01,RW-UKR-2022,298690.0,0.29869,Europe & Central Asia,-54.35875494705316,-355.73999999999995
Rwanda,United Arab Emirates,2018,Export,63.0,3.09,46260.29,4.61,RW-UNI-2018,46260290.0,46.26029,Asia & Middle East,,
Rwanda,United Arab Emirates,2019,Export,94.0,4.2,342180.64,30.23,RW-UNI-2019,342180640.0,342.18064000000004,Asia & Middle East,639.6854624127951,295920.35000000003
Rwanda,United Arab Emirates,2020,Export,91.0,4.41,649215.3,45.36,RW-UNI-2020,649215300.0,649.2153000000001,Asia & Middle East,89.72882276449073,307034.66000000003
Rwanda,United Arab Emirates,2021,Export,178.0,7.94,437042.52,27.97,RW-UNI-2021,437042520.0,437.04252,Asia & Middle East,-32.68142016985737,-212172.78000000003
Rwanda,United Arab Emirates,2022,Export,109.0,4.76,590298.7,29.23,RW-UNI-2022,590298700.0,590.2986999999999,Asia & Middle East,35.066652096001995,153256.17999999993
Rwanda,United Kingdom,2018,Export,87.0,4.27,44089.56,4.39,RW-UNI-2018,44089560.0,44.08956,Europe & Central Asia,,
Rwanda,United Kingdom,2019,Export,90.0,4.02,38565.91,3.41,RW-UNI-2019,38565910.0,38.56591,Europe & Central Asia,-12.528249317979123,-5523.649999999994
Rwanda,United Kingdom,2020,Export,58.0,2.81,29536.87,2.06,RW-UNI-2020,29536870.0,29.53687,Europe & Central Asia,-23.411971868419556,-9029.040000000005
Rwanda,United Kingdom,2021,Export,87.0,3.88,44741.45,2.86,RW-UNI-2021,44741450.0,44.74145,Europe & Central Asia,51.476612112251566,15204.579999999998
Rwanda,United Kingdom,2022,Export,86.0,3.76,46464.12,2.3,RW-UNI-2022,46464120.0,46.46412,Europe & Central Asia,3.8502775390605537,1722.6700000000055
Rwanda,United States,2018,Export,105.0,5.15,25122.9,2.5,RW-UNI-2018,25122900.0,25.1229,Americas,,
Rwanda,United States,2019,Export,113.0,5.04,12679.42,1.12,RW-UNI-2019,12679420.0,12.67942,Americas,-49.530428413917186,-12443.480000000001
Rwanda,United States,2020,Export,111.0,5.38,22769.0,1.59,RW-UNI-2020,22769000.0,22.769,Americas,79.57446003050612,10089.58
Rwanda,United States,2021,Export,206.0,9.19,28866.78,1.85,RW-UNI-2021,28866780.0,28.86678,Americas,26.781061970222673,6097.779999999999
Rwanda,United States,2022,Export,180.0,7.86,23703.51,1.17,RW-UNI-2022,23703510.0,23.703509999999998,Americas,-17.886546403859384,-5163.27
Rwanda,Uruguay,2018,Export,2.0,0.1,201.02,0.02,RW-URU-2018,201020.0,0.20102,Americas,,
Rwanda,Uruguay,2019,Export,1.0,0.04,90.14,0.01,RW-URU-2019,90140.0,0.09014,Americas,-55.15869067754453,-110.88000000000001
Rwanda,Uzbekistan,2018,Export,1.0,0.05,345.3,0.03,RW-UZB-2018,345300.0,0.3453,Asia & Middle East,,
Rwanda,Uzbekistan,2019,Export,1.0,0.04,244.25,0.02,RW-UZB-2019,244250.0,0.24425,Asia & Middle East,-29.26440776136693,-101.05000000000001
Rwanda,Uzbekistan,2020,Export,1.0,0.05,683.31,0.05,RW-UZB-2020,683310.0,0.68331,Asia & Middle East,179.7584442169908,439.05999999999995
Rwanda,Uzbekistan,2021,Export,1.0,0.04,681.64,0.04,RW-UZB-2021,681640.0,0.68164,Asia & Middle East,-0.24439858922011837,-1.669999999999959
Rwanda,Uzbekistan,2022,Export,2.0,0.09,317.64,0.02,RW-UZB-2022,317640.0,0.31764,Asia & Middle East,-53.40062202922364,-364.0
Rwanda,Vietnam,2018,Export,5.0,0.25,3948.01,0.39,RW-VIE-2018,3948010.0,3.94801,Asia & Middle East,,
Rwanda,Vietnam,2019,Export,3.0,0.13,3636.38,0.32,RW-VIE-2019,3636380.0,3.63638,Asia & Middle East,-7.893343735198243,-311.6300000000001
Rwanda,Vietnam,2020,Export,2.0,0.1,4697.3,0.33,RW-VIE-2020,4697300.0,4.6973,Asia & Middle East,29.175168711740795,1060.92
Rwanda,Vietnam,2021,Export,11.0,0.49,4611.24,0.3,RW-VIE-2021,4611240.0,4.61124,Asia & Middle East,-1.8321163221425185,-86.0600000000004
Rwanda,Vietnam,2022,Export,4.0,0.17,4354.85,0.22,RW-VIE-2022,4354850.0,4.354850000000001,Asia & Middle East,-5.560109645127975,-256.3899999999994
Rwanda,World,2018,Export,2039.0,100.0,1004201.17,100.0,RW- WO-2018,1004201170.0,1004.20117,Other/Regional Grouping,,
Rwanda,World,2019,Export,2240.0,100.0,1131956.07,100.0,RW- WO-2019,1131956070.0,1131.95607,Other/Regional Grouping,12.722042536556689,127754.90000000002
Rwanda,World,2020,Export,2062.0,100.0,1431176.31,100.0,RW- WO-2020,1431176310.0,1431.17631,Other/Regional Grouping,26.433909224056727,299220.24
Rwanda,World,2021,Export,2242.0,100.0,1562504.48,100.0,RW- WO-2021,1562504480.0,1562.50448,Other/Regional Grouping,9.176239788373808,131328.16999999993
Rwanda,World,2022,Export,2289.0,100.0,2019269.8,100.0,RW- WO-2022,2019269800.0,2019.2698,Other/Regional Grouping,29.23289666343869,456765.32000000007
Rwanda,Yemen,2018,Export,1.0,0.05,206.81,0.02,RW-YEM-2018,206810.0,0.20681,Asia & Middle East,,
Rwanda,Yemen,2019,Export,1.0,0.04,189.18,0.02,RW-YEM-2019,189180.0,0.18918000000000001,Asia & Middle East,-8.524732846574146,-17.629999999999995
Rwanda,Yemen,2020,Export,7.0,0.34,174.43,0.01,RW-YEM-2020,174430.0,0.17443,Asia & Middle East,-7.796807273496142,-14.75
Rwanda,Yemen,2021,Export,1.0,0.04,413.73,0.03,RW-YEM-2021,413730.0,0.41373000000000004,Asia & Middle East,137.1897036060311,239.3
Rwanda,Yemen,2022,Export,2.0,0.09,215.58,0.01,RW-YEM-2022,215580.0,0.21558000000000002,Asia & Middle East,-47.89355376694946,-198.15
Rwanda,Zambia,2018,Export,34.0,1.67,477.39,0.05,RW-ZAM-2018,477390.0,0.47739,Africa,,
Rwanda,Zambia,2019,Export,49.0,2.19,657.09,0.06,RW-ZAM-2019,657090.0,0.6570900000000001,Africa,37.64217935021681,179.70000000000005
Rwanda,Zambia,2020,Export,30.0,1.45,405.55,0.03,RW-ZAM-2020,405550.0,0.40555,Africa,-38.28090520324461,-251.54000000000002
Rwanda,Zambia,2021,Export,41.0,1.83,1565.39,0.1,RW-ZAM-2021,1565390.0,1.56539,Africa,285.99186290223156,1159.8400000000001
Rwanda,Zambia,2022,Export,134.0,5.85,3796.48,0.19,RW-ZAM-2022,3796480.0,3.79648,Africa,142.52614364471472,2231.09
Rwanda,Zimbabwe,2018,Export,4.0,0.2,135.54,0.01,RW-ZIM-2018,135540.0,0.13554,Africa,,
Rwanda,Zimbabwe,2019,Export,6.0,0.27,1.51,0.0,RW-ZIM-2019,1510.0,0.00151,Africa,-98.88593773055925,-134.03
Rwanda,Zimbabwe,2020,Export,7.0,0.34,121.89,0.01,RW-ZIM-2020,121890.0,0.12189,Africa,7972.185430463575,120.38
Rwanda,Zimbabwe,2021,Export,13.0,0.58,134.65,0.01,RW-ZIM-2021,134650.0,0.13465,Africa,10.468455164492575,12.760000000000005
Rwanda,Zimbabwe,2022,Export,8.0,0.35,283.56,0.01,RW-ZIM-2022,283560.0,0.28356,Africa,110.59041960638693,148.91
